Date,Name of State / UT,Total Confirmed cases (Indian National),Total Confirmed cases ( Foreign National ),Cured/Discharged/Migrated,Death,Total Confirmed cases,%share of infected cases,1 / (% share of infected cases),Population Share,(Population share) / (% share of infected cases),Recovery Rate,Death Rate,Population,Infection Rate,Susceptible Population,Rate of change of susceptible population,Action,Reward
10-Mar-20,Delhi,4,0,0,0,4,66.66666667,0.015,8.59445833,0.128916875,0,0,16787941,2.38E-05,16787937,0,0,0
10-Mar-20,Maharashtra,2,0,0,0,2,33.33333333,0.03,57.5291825,1.725875475,0,0,112374333,1.78E-06,112374331,0,0,0
11-Mar-20,Delhi,5,0,0,0,5,83.33333333,0.012,8.59445833,0.1031335,0,0,16787941,2.98E-05,16787936,-5.96E-06,1,0
11-Mar-20,Maharashtra,2,0,0,0,2,33.33333333,0.03,57.5291825,1.725875475,0,0,112374333,1.78E-06,112374331,0,0,0
12-Mar-20,Delhi,6,0,0,0,6,35.29411765,0.028333333,8.59445833,0.243509653,0,0,16787941,3.57E-05,16787935,-5.96E-06,1,0
12-Mar-20,Maharashtra,11,0,0,0,11,64.70588235,0.015454545,57.5291825,0.889087366,0,0,112374333,9.79E-06,112374322,-8.01E-06,1,0
13-Mar-20,Delhi,7,0,1,1,7,33.33333333,0.03,8.59445833,0.25783375,14.28571429,14.28571429,16787941,4.17E-05,16787934,-5.96E-06,1,15652965.91
13-Mar-20,Maharashtra,14,0,0,0,14,66.66666667,0.015,57.5291825,0.862937738,0,0,112374333,1.25E-05,112374319,-2.67E-06,1,0
14-Mar-20,Delhi,7,0,1,1,7,33.33333333,0.03,8.59445833,0.25783375,14.28571429,14.28571429,16787941,4.17E-05,16787934,0,0,16787934
14-Mar-20,Maharashtra,14,0,0,0,14,66.66666667,0.015,57.5291825,0.862937738,0,0,112374333,1.25E-05,112374319,0,0,0
15-Mar-20,Delhi,7,0,2,1,7,17.94871795,0.055714286,8.59445833,0.478834107,28.57142857,14.28571429,16787941,4.17E-05,16787934,0,0,16787934
15-Mar-20,Maharashtra,32,0,0,0,32,82.05128205,0.0121875,57.5291825,0.701136912,0,0,112374333,2.85E-05,112374301,-1.60E-05,1,0
16-Mar-20,Delhi,7,0,2,1,7,17.94871795,0.055714286,8.59445833,0.478834107,28.57142857,14.28571429,16787941,4.17E-05,16787934,0,0,16787934
16-Mar-20,Maharashtra,32,0,0,0,32,82.05128205,0.0121875,57.5291825,0.701136912,0,0,112374333,2.85E-05,112374301,0,0,0
17-Mar-20,Delhi,8,0,2,1,8,17.0212766,0.05875,8.59445833,0.504924427,25,12.5,16787941,4.77E-05,16787933,-5.96E-06,1,15497215.37
17-Mar-20,Maharashtra,36,3,0,1,39,82.9787234,0.012051282,57.5291825,0.693300405,0,2.564102564,112374333,3.47E-05,112374294,-6.23E-06,1,76083788.27
18-Mar-20,Delhi,9,1,2,1,10,19.23076923,0.052,8.59445833,0.446911833,20,10,16787941,5.96E-05,16787931,-1.19E-05,1,15190348.14
18-Mar-20,Maharashtra,39,3,0,1,42,80.76923077,0.012380952,57.5291825,0.712266069,0,2.380952381,112374333,3.74E-05,112374291,-2.67E-06,1,73835170.53
19-Mar-20,Delhi,11,1,3,1,12,20.33898305,0.049166667,8.59445833,0.422560868,25,8.333333333,16787941,7.15E-05,16787929,-1.19E-05,1,14889557.32
19-Mar-20,Maharashtra,44,3,0,1,47,79.66101695,0.012553191,57.5291825,0.722174844,0,2.127659574,112374333,4.18E-05,112374286,-4.45E-06,1,70234183.64
20-Mar-20,Delhi,16,1,5,1,17,24.63768116,0.040588235,8.59445833,0.348833897,29.41176471,5.882352941,16787941,0.000101263,16787924,-2.98E-05,1,14163380.82
20-Mar-20,Maharashtra,49,3,0,1,52,75.36231884,0.013269231,57.5291825,0.763367999,0,1.923076923,112374333,4.63E-05,112374281,-4.45E-06,1,66808819.12
21-Mar-20,Delhi,25,1,5,1,26,29.21348315,0.034230769,8.59445833,0.29419492,19.23076923,3.846153846,16787941,0.000154873,16787915,-5.36E-05,1,12944348.48
21-Mar-20,Maharashtra,60,3,0,1,63,70.78651685,0.014126984,57.5291825,0.812713848,0,1.587301587,112374333,5.61E-05,112374270,-9.79E-06,1,59849614.84
22-Mar-20,Delhi,28,1,5,1,29,30.20833333,0.033103448,8.59445833,0.284506207,17.24137931,3.448275862,16787941,0.000172743,16787912,-1.79E-05,1,12561782.93
22-Mar-20,Maharashtra,64,3,0,2,67,69.79166667,0.014328358,57.5291825,0.824298734,0,2.985074627,112374333,5.96E-05,112374266,-3.56E-06,1,80385592.4
23-Mar-20,Delhi,28,1,5,1,29,28.15533981,0.035517241,8.59445833,0.305251451,17.24137931,3.448275862,16787941,0.000172743,16787912,0,0,16787912
23-Mar-20,Maharashtra,71,3,0,2,74,71.84466019,0.013918919,57.5291825,0.800744027,0,2.702702703,112374333,6.59E-05,112374259,-6.23E-06,1,77620758.57
24-Mar-20,Delhi,29,1,6,2,30,25.21008403,0.039666667,8.59445833,0.340913514,20,6.666666667,16787941,0.0001787,16787911,-5.96E-06,1,14449488.91
24-Mar-20,Maharashtra,86,3,0,2,89,74.78991597,0.013370787,57.5291825,0.769210418,0,2.247191011,112374333,7.92E-05,112374244,-1.33E-05,1,72012143.55
25-Mar-20,Delhi,30,1,6,1,31,19.49685535,0.051290323,8.59445833,0.44081254,19.35483871,3.225806452,16787941,0.000184656,16787910,-5.96E-06,1,12313041.49
25-Mar-20,Maharashtra,125,3,1,3,128,80.50314465,0.012421875,57.5291825,0.714620314,0.78125,2.34375,112374333,0.000113905,112374205,-3.47E-05,1,73344517.07
26-Mar-20,Delhi,35,1,6,1,36,22.5,0.044444444,8.59445833,0.381975926,16.66666667,2.777777778,16787941,0.00021444,16787905,-2.98E-05,1,11712523.88
26-Mar-20,Maharashtra,121,3,1,3,124,77.5,0.012903226,57.5291825,0.742312032,0.806451613,2.419354839,112374333,0.000110345,112374209,3.56E-06,0,112374209
27-Mar-20,Delhi,35,1,6,1,36,21.68674699,0.046111111,8.59445833,0.396300023,16.66666667,2.777777778,16787941,0.00021444,16787905,0,0,16787905
27-Mar-20,Maharashtra,127,3,15,4,130,78.31325301,0.012769231,57.5291825,0.734603407,11.53846154,3.076923077,112374333,0.000115685,112374203,-5.34E-06,1,81193435.51
28-Mar-20,Delhi,38,1,6,1,39,17.80821918,0.056153846,8.59445833,0.482611891,15.38461538,2.564102564,16787941,0.00023231,16787902,-1.79E-05,1,11366364.46
28-Mar-20,Maharashtra,177,3,25,5,180,82.19178082,0.012166667,57.5291825,0.699938387,13.88888889,2.777777778,112374333,0.000160179,112374153,-4.45E-05,1,78400786.21
29-Mar-20,Delhi,48,1,6,2,49,20.85106383,0.047959184,8.59445833,0.412183206,12.24489796,4.081632653,16787941,0.000291876,16787892,-5.96E-05,1,13139959.26
29-Mar-20,Maharashtra,183,3,25,6,186,79.14893617,0.012634409,57.5291825,0.726847198,13.44086022,3.225806452,112374333,0.000165518,112374147,-5.34E-06,1,82420476.08
30-Mar-20,Delhi,86,1,6,2,87,30.52631579,0.032758621,8.59445833,0.281542601,6.896551724,2.298850575,16787941,0.000518229,16787854,-0.000226354,1,10866184.73
30-Mar-20,Maharashtra,195,3,25,8,198,69.47368421,0.014393939,57.5291825,0.828071566,12.62626263,4.04040404,112374333,0.000176197,112374135,-1.07E-05,1,87736130.71
31-Mar-20,Delhi,96,1,6,2,97,30.99041534,0.032268041,8.59445833,0.277326336,6.18556701,2.06185567,16787941,0.000577796,16787844,-5.96E-05,1,10336228.49
31-Mar-20,Maharashtra,213,3,39,9,216,69.00958466,0.014490741,57.5291825,0.833640469,18.05555556,4.166666667,112374333,0.000192215,112374117,-1.60E-05,1,88396611.3
01-Apr-20,Assam,1,0,0,0,1,0.219298246,4.56,15.9754566,72.8480821,0,0,31205576,3.20E-06,31205575,0,0,0
01-Apr-20,Delhi,151,1,6,2,152,33.33333333,0.03,8.59445833,0.25783375,3.947368421,1.315789474,16787941,0.000905412,16787789,-0.000327618,1,7851085.3
01-Apr-20,Jharkhand,1,0,0,0,1,0.219298246,4.56,16.8880236,77.00938762,0,0,32988134,3.03E-06,32988133,0,0,0
01-Apr-20,Maharashtra,299,3,39,9,302,66.22807018,0.015099338,57.5291825,0.868652557,12.91390728,2.98013245,112374333,0.000268745,112374031,-7.65E-05,1,80340778.12
02-Apr-20,Assam,5,0,0,0,5,0.892857143,1.12,15.9754566,17.89251139,0,0,31205576,1.60E-05,31205571,-1.28E-05,1,0
02-Apr-20,Delhi,218,1,8,4,219,39.10714286,0.025570776,8.59445833,0.219766971,3.652968037,1.826484018,16787941,0.001304508,16787722,-0.0003991,1,9709917.499
02-Apr-20,Jharkhand,1,0,0,0,1,0.178571429,5.6,16.8880236,94.57293216,0,0,32988134,3.03E-06,32988133,0,0,0
02-Apr-20,Maharashtra,332,3,42,13,335,59.82142857,0.016716418,57.5291825,0.961681857,12.53731343,3.880597015,112374333,0.000298111,112373998,-2.94E-05,1,86846332.91
03-Apr-20,Assam,16,0,0,0,16,2.797202797,0.3575,15.9754566,5.711225735,0,0,31205576,5.13E-05,31205560,-3.53E-05,1,0
03-Apr-20,Delhi,218,1,8,4,219,38.28671329,0.026118721,8.59445833,0.224476263,3.652968037,1.826484018,16787941,0.001304508,16787722,0,0,16787722
03-Apr-20,Jharkhand,2,0,0,0,2,0.34965035,2.86,16.8880236,48.2997475,0,0,32988134,6.06E-06,32988132,-3.03E-06,1,0
03-Apr-20,Maharashtra,332,3,42,16,335,58.56643357,0.017074627,57.5291825,0.982289325,12.53731343,4.776119403,112374333,0.000298111,112373998,0,0,112373998
04-Apr-20,Assam,24,0,0,0,24,2.497398543,0.400416667,15.9754566,6.39683908,0,0,31205576,7.69E-05,31205552,-2.56E-05,1,0
04-Apr-20,Delhi,444,1,15,6,445,46.30593132,0.021595506,8.59445833,0.185601673,3.370786517,1.348314607,16787941,0.002650712,16787496,-0.001346222,2,3808749.768
04-Apr-20,Jharkhand,2,0,0,0,2,0.208116545,4.805,16.8880236,81.1469534,0,0,32988134,6.06E-06,32988132,0,0,0
04-Apr-20,Maharashtra,487,3,42,24,490,50.98855359,0.019612245,57.5291825,1.128276416,8.571428571,4.897959184,112374333,0.000436043,112373843,-0.000137932,1,91621368.97
05-Apr-20,Assam,26,0,0,0,26,2.544031311,0.393076923,15.9754566,6.279583325,0,0,31205576,8.33E-05,31205550,-6.41E-06,1,0
05-Apr-20,Delhi,502,1,18,7,503,49.21722114,0.020318091,8.59445833,0.17462299,3.578528827,1.391650099,16787941,0.002996198,16787438,-0.000345495,1,8183004.978
05-Apr-20,Jharkhand,3,0,0,0,3,0.293542074,3.406666667,16.8880236,57.53186706,0,0,32988134,9.09E-06,32988131,-3.03E-06,1,0
05-Apr-20,Maharashtra,487,3,42,24,490,47.94520548,0.020857143,57.5291825,1.199894378,8.571428571,4.897959184,112374333,0.000436043,112373843,0,0,112373843
06-Apr-20,Assam,26,0,0,0,26,1.998462721,0.500384615,15.9754566,7.993872706,0,0,31205576,8.33E-05,31205550,0,0,0
06-Apr-20,Delhi,522,1,19,7,523,40.19984627,0.024875717,8.59445833,0.213793313,3.632887189,1.338432122,16787941,0.003115331,16787418,-0.000119137,1,7952503.78
06-Apr-20,Jharkhand,4,0,0,0,4,0.307455803,3.2525,16.8880236,54.92829676,0,0,32988134,1.21E-05,32988130,-3.03E-06,1,0
06-Apr-20,Maharashtra,745,3,56,45,748,57.4942352,0.017393048,57.5291825,1.00060784,7.486631016,6.016042781,112374333,0.000665632,112373585,-0.000229591,1,95164471.99
07-Apr-20,Assam,26,0,0,0,26,1.763907734,0.566923077,15.9754566,9.056855011,0,0,31205576,8.33E-05,31205550,0,0,0
07-Apr-20,Delhi,575,1,21,7,576,39.07734057,0.025590278,8.59445833,0.219934576,3.645833333,1.215277778,16787941,0.003431034,16787365,-0.000315713,1,7372592.273
07-Apr-20,Jharkhand,4,0,0,0,4,0.271370421,3.685,16.8880236,62.23236697,0,0,32988134,1.21E-05,32988130,0,0,0
07-Apr-20,Maharashtra,865,3,56,48,868,58.88738128,0.016981567,57.5291825,0.976935657,6.451612903,5.529953917,112374333,0.000772418,112373465,-0.000106787,1,93784021.94
08-Apr-20,Assam,27,0,0,0,27,1.661538462,0.601851852,15.9754566,9.614858139,0,0,31205576,8.65E-05,31205549,-3.20E-06,1,0
08-Apr-20,Delhi,575,1,21,9,576,35.44615385,0.028211806,8.59445833,0.242465187,3.645833333,1.5625,16787941,0.003431034,16787365,0,0,16787365
08-Apr-20,Jharkhand,4,0,0,0,4,0.246153846,4.0625,16.8880236,68.60759588,0,0,32988134,1.21E-05,32988130,0,0,0
08-Apr-20,Maharashtra,1015,3,79,64,1018,62.64615385,0.015962672,57.5291825,0.918319465,7.760314342,6.286836935,112374333,0.000905901,112373315,-0.000133483,1,95848037.85
09-Apr-20,Assam,28,0,0,0,28,1.517615176,0.658928571,15.9754566,10.5266848,0,0,31205576,8.97E-05,31205548,-3.20E-06,1,0
09-Apr-20,Delhi,668,1,21,9,669,36.2601626,0.027578475,8.59445833,0.237022057,3.139013453,1.34529148,16787941,0.003985003,16787272,-0.000553988,1,7982787.386
09-Apr-20,Jharkhand,13,0,0,0,13,0.704607046,1.419230769,16.8880236,23.96800272,0,0,32988134,3.94E-05,32988121,-2.73E-05,1,0
09-Apr-20,Maharashtra,1132,3,117,72,1135,61.51761518,0.016255507,57.5291825,0.935166006,10.30837004,6.343612335,112374333,0.001010017,112373198,-0.000104117,1,95984485.42
10-Apr-20,Assam,29,0,0,0,29,1.258680556,0.794482759,15.9754566,12.69222483,0,0,31205576,9.29E-05,31205547,-3.20E-06,1,0
10-Apr-20,Delhi,897,1,25,13,898,38.97569444,0.025657016,8.59445833,0.220508151,2.783964365,1.44766147,16787941,0.005349078,16787043,-0.001364129,2,4216767.661
10-Apr-20,Jharkhand,13,0,0,1,13,0.564236111,1.772307692,16.8880236,29.93077413,0,7.692307692,32988134,3.94E-05,32988121,0,0,32988121
10-Apr-20,Maharashtra,1361,3,125,97,1364,59.20138889,0.016891496,57.5291825,0.971753933,9.164222874,7.11143695,112374333,0.0012138,112372969,-0.000203785,1,97631956.45
11-Apr-20,Assam,29,0,0,1,29,1.149425287,0.87,15.9754566,13.89864724,0,3.448275862,31205576,9.29E-05,31205547,0,0,31205547
11-Apr-20,Delhi,902,1,25,14,903,35.79072533,0.027940199,8.59445833,0.240130879,2.76854928,1.550387597,16787941,0.005378861,16787038,-2.98E-05,1,8807530.032
11-Apr-20,Jharkhand,17,0,0,1,17,0.673801031,1.484117647,16.8880236,25.06381385,0,5.882352941,32988134,5.15E-05,32988117,-1.21E-05,1,27830913.68
11-Apr-20,Maharashtra,1571,3,188,110,1574,62.38604836,0.016029225,57.5291825,0.922148205,11.94409149,6.988564168,112374333,0.001400676,112372759,-0.000186878,1,97390692
12-Apr-20,Assam,29,0,0,1,29,1.008344924,0.991724138,15.9754566,15.84324592,0,3.448275862,31205576,9.29E-05,31205547,0,0,31205547
12-Apr-20,Delhi,1068,1,25,19,1069,37.16968011,0.026903648,8.59445833,0.231222284,2.338634238,1.777362021,16787941,0.006367666,16786872,-0.000988858,1,9563612.895
12-Apr-20,Jharkhand,17,0,0,1,17,0.591098748,1.691764706,16.8880236,28.57056228,0,5.882352941,32988134,5.15E-05,32988117,0,0,32988117
12-Apr-20,Maharashtra,1758,3,208,127,1761,61.23087622,0.01633163,57.5291825,0.939545309,11.81147076,7.211811471,112374333,0.001567084,112372572,-0.00016641,1,97822877.31
13-Apr-20,Assam,31,0,0,1,31,0.971786834,1.029032258,15.9754566,16.43926018,0,3.225806452,31205576,9.93E-05,31205545,-6.41E-06,1,22887612
13-Apr-20,Delhi,1153,1,27,24,1154,36.17554859,0.027642981,8.59445833,0.237576448,2.339688042,2.079722704,16787941,0.006873982,16786787,-0.000506348,1,10378732.45
13-Apr-20,Jharkhand,19,0,0,2,19,0.595611285,1.678947368,16.8880236,28.35410278,0,10.52631579,32988134,5.76E-05,32988115,-6.06E-06,1,29998498.94
13-Apr-20,Maharashtra,1982,3,217,149,1985,62.22570533,0.016070529,57.5291825,0.924524394,10.93198992,7.506297229,112374333,0.001766418,112372348,-0.000199337,1,98356281.97
13-Apr-20,Nagaland,1,0,0,0,1,0.031347962,31.9,1.01287901,32.31084042,0,0,1978502,5.05E-05,1978501,0,0,0
14-Apr-20,Assam,31,0,0,1,31,0.794260825,1.259032258,15.9754566,20.1136152,0,3.225806452,31205576,9.93E-05,31205545,0,0,31205545
14-Apr-20,Delhi,1509,1,30,28,1510,38.68818857,0.025847682,8.59445833,0.222146827,1.986754967,1.854304636,16787941,0.008994552,16786431,-0.002120716,3,3329139.089
14-Apr-20,Jharkhand,24,0,0,2,24,0.614911607,1.62625,16.8880236,27.46414838,0,8.333333333,32988134,7.28E-05,32988110,-1.52E-05,1,29257828.93
14-Apr-20,Maharashtra,2334,3,229,160,2337,59.87701768,0.016700899,57.5291825,0.960789043,9.798887463,6.846384253,112374333,0.002079656,112371996,-0.000313244,1,97101056.96
14-Apr-20,Nagaland,1,0,0,0,1,0.025621317,39.03,1.01287901,39.53266776,0,0,1978502,5.05E-05,1978501,0,0,0
15-Apr-20,Assam,33,0,0,1,33,0.766016713,1.305454545,15.9754566,20.85523243,0,3.03030303,31205576,0.00010575,31205543,-6.41E-06,1,22434405.48
15-Apr-20,Delhi,1560,1,30,30,1561,36.23491179,0.027597694,8.59445833,0.237187229,1.921844971,1.921844971,16787941,0.009298341,16786380,-0.000303817,1,9976521.774
15-Apr-20,Jharkhand,27,0,0,2,27,0.626740947,1.595555556,16.8880236,26.94577988,0,7.407407407,32988134,8.18E-05,32988107,-9.09E-06,1,28822233.98
15-Apr-20,Maharashtra,2684,3,259,178,2687,62.37233055,0.01603275,57.5291825,0.922351017,9.639002605,6.624488277,112374333,0.002391115,112371646,-0.000311466,1,96626843.89
15-Apr-20,Nagaland,1,0,0,0,1,0.023212628,0,1.01287901,0,0,0,1978502,5.05E-05,1978501,0,0,0
16-Apr-20,Assam,33,0,5,1,33,0.724001755,1.381212121,15.9754566,22.0654943,15.15151515,3.03030303,31205576,0.00010575,31205543,0,0,31205543
16-Apr-20,Delhi,1577,1,42,32,1578,34.62044756,0.028884664,8.59445833,0.248248042,2.661596958,2.027883397,16787941,0.009399604,16786363,-0.000101273,1,10251682.42
16-Apr-20,Jharkhand,28,0,0,2,28,0.61430452,1.627857143,16.8880236,27.49128985,0,7.142857143,32988134,8.49E-05,32988106,-3.03E-06,1,28678481.62
16-Apr-20,Maharashtra,2916,3,295,187,2919,64.04124616,0.015614937,57.5291825,0.898314539,10.10620075,6.406303529,112374333,0.002597568,112371414,-0.000206458,1,96131142.27
16-Apr-20,Nagaland,1,0,0,0,1,0.021939447,0,1.01287901,0,0,0,1978502,5.05E-05,1978501,0,0,0
17-Apr-20,Assam,35,0,5,1,35,0.712976166,1.402571429,15.9754566,22.40671899,14.28571429,2.857142857,31205576,0.000112159,31205541,-6.41E-06,1,21990173.08
17-Apr-20,Delhi,1639,1,51,38,1640,33.40802607,0.029932927,8.59445833,0.257257292,3.109756098,2.317073171,16787941,0.009768917,16786301,-0.000369347,1,10902413.53
17-Apr-20,Jharkhand,29,0,0,2,29,0.590751681,1.692758621,16.8880236,28.58734754,0,6.896551724,32988134,8.79E-05,32988105,-3.03E-06,1,28535446.23
17-Apr-20,Maharashtra,3202,3,300,194,3205,65.28824608,0.015316693,57.5291825,0.881156808,9.360374415,6.053042122,112374333,0.002852075,112371128,-0.000254513,1,95259128.87
17-Apr-20,Nagaland,1,0,0,0,1,0.020370748,0,1.01287901,0,0,0,1978502,5.05E-05,1978501,0,0,0
18-Apr-20,Assam,35,0,9,1,35,0.686543743,1.456571429,15.9754566,23.26939364,25.71428571,2.857142857,31205576,0.000112159,31205541,0,0,31205541
18-Apr-20,Delhi,1706,1,72,42,1707,33.48371911,0.029865261,8.59445833,0.256675739,4.217926186,2.460456942,16787941,0.010168013,16786234,-0.000399135,1,11180045.91
18-Apr-20,Jharkhand,33,0,0,2,33,0.647312672,1.544848485,16.8880236,26.08943767,0,6.060606061,32988134,0.000100036,32988101,-1.21E-05,1,27970403.15
18-Apr-20,Maharashtra,3320,3,331,201,3323,65.18242448,0.015341559,57.5291825,0.882587338,9.960878724,6.048751128,112374333,0.002957081,112371010,-0.000105009,1,95247865.37
18-Apr-20,Nagaland,1,0,0,0,1,0.019615536,0,1.01287901,0,0,0,1978502,5.05E-05,1978501,0,0,0
19-Apr-20,Assam,35,0,12,1,35,0.623441397,1.604,15.9754566,25.62463239,34.28571429,2.857142857,31205576,0.000112159,31205541,0,0,31205541
19-Apr-20,Delhi,1892,1,72,43,1893,33.71927325,0.02965663,8.59445833,0.254882668,3.803486529,2.271526677,16787941,0.011275951,16786048,-0.001108051,2,6959328.215
19-Apr-20,Jharkhand,35,0,0,2,35,0.623441397,1.604,16.8880236,27.08838985,0,5.714285714,32988134,0.000106099,32988099,-6.06E-06,1,27692091.31
19-Apr-20,Maharashtra,3648,3,365,211,3651,65.03384396,0.015376609,57.5291825,0.884603754,9.997261024,5.779238565,112374333,0.003248963,112370682,-0.00029189,1,94516071.78
19-Apr-20,Nagaland,1,0,0,0,1,0.017812611,0,1.01287901,0,0,0,1978502,5.05E-05,1978501,0,0,0
20-Apr-20,Assam,35,0,17,1,35,0.55705873,1.795142857,15.9754566,28.67822681,48.57142857,2.857142857,31205576,0.000112159,31205541,0,0,31205541
20-Apr-20,Delhi,2002,1,290,45,2003,31.87967531,0.031367948,8.59445833,0.269590523,14.47828258,2.246630055,16787941,0.011931183,16785938,-0.000655306,1,10755641.43
20-Apr-20,Jharkhand,42,0,0,2,42,0.668470476,1.495952381,16.8880236,25.26367911,0,4.761904762,32988134,0.000127319,32988092,-2.12E-05,1,26739627.68
20-Apr-20,Maharashtra,4200,3,507,223,4203,66.89479548,0.014948846,57.5291825,0.859994893,12.06281228,5.305734,112374333,0.003740178,112370130,-0.000491231,1,93067293.59
20-Apr-20,Nagaland,1,0,0,0,1,0.015915964,0,1.01287901,0,0,0,1978502,5.05E-05,1978501,0,0,0
21-Apr-20,Assam,35,0,19,1,35,0.512370078,1.951714286,15.9754566,31.17952687,54.28571429,2.857142857,31205576,0.000112159,31205541,0,0,31205541
21-Apr-20,Delhi,2080,1,431,47,2081,30.4640609,0.032825565,8.59445833,0.282117947,20.71119654,2.258529553,16787941,0.012395802,16785860,-0.000464675,1,10780844.56
21-Apr-20,Jharkhand,46,0,0,2,46,0.673400673,1.485,16.8880236,25.07871505,0,4.347826087,32988134,0.000139444,32988088,-1.21E-05,1,26210144.4
21-Apr-20,Maharashtra,4666,3,572,232,4669,68.35016835,0.014630542,57.5291825,0.841683113,12.25101735,4.968944099,112374333,0.004154863,112369664,-0.000414701,1,91885570.85
21-Apr-20,Nagaland,1,0,0,0,1,0.014639145,0,1.01287901,0,0,0,1978502,5.05E-05,1978501,0,0,0
22-Apr-20,Assam,35,0,19,1,35,0.469357651,2.130571429,15.9754566,34.03685139,54.28571429,2.857142857,31205576,0.000112159,31205541,0,0,31205541
22-Apr-20,Delhi,2155,1,611,47,2156,28.91243127,0.034587199,8.59445833,0.297258236,28.33951763,2.179962894,16787941,0.012842552,16785785,-0.000446805,1,10610127.75
22-Apr-20,Jharkhand,45,0,0,3,45,0.603459836,1.657111111,16.8880236,27.98533155,0,6.666666667,32988134,0.000136413,32988089,3.03E-06,0,32988089
22-Apr-20,Maharashtra,5218,3,722,251,5221,70.01475124,0.014282704,57.5291825,0.821672312,13.82876844,4.80750814,112374333,0.004646079,112369112,-0.000491236,1,91266256.25
23-Apr-20,Assam,35,0,19,1,35,0.438376754,2.281142857,15.9754566,36.44229871,54.28571429,2.857142857,31205576,0.000112159,31205541,0,0,31205541
23-Apr-20,Delhi,2247,1,724,48,2248,28.15631263,0.035516014,8.59445833,0.305240904,32.20640569,2.135231317,16787941,0.013390564,16785693,-0.000548083,1,10508595.94
23-Apr-20,Jharkhand,49,0,8,3,49,0.613727455,1.629387755,16.8880236,27.51713886,16.32653061,6.12244898,32988134,0.000148538,32988085,-1.21E-05,1,28017045.77
23-Apr-20,Maharashtra,5649,3,789,269,5652,70.79158317,0.014125973,57.5291825,0.812655685,13.9596603,4.759377212,112374333,0.005029618,112368681,-0.000383557,1,91074125.03
24-Apr-20,Assam,36,0,19,1,36,0.404630774,2.471388889,15.9754566,39.48156594,52.77777778,2.777777778,31205576,0.000115364,31205540,-3.20E-06,1,21771366.5
24-Apr-20,Delhi,2375,1,808,50,2376,26.70563111,0.037445286,8.59445833,0.321821952,34.00673401,2.104377104,16787941,0.014153016,16785565,-0.000762554,1,10436604.51
24-Apr-20,Jharkhand,55,0,8,3,55,0.618185905,1.617636364,16.8880236,27.31868109,14.54545455,5.454545455,32988134,0.000166727,32988079,-1.82E-05,1,27462266.1
24-Apr-20,Maharashtra,6427,3,840,283,6430,72.27155221,0.013836703,57.5291825,0.79601421,13.06376361,4.401244168,112374333,0.005721947,112367903,-0.000692364,1,89529650.03
25-Apr-20,Assam,36,0,19,1,36,0.381922343,2.618333333,15.9754566,41.82907053,52.77777778,2.777777778,31205576,0.000115364,31205540,0,0,31205540
25-Apr-20,Delhi,2513,1,857,53,2514,26.67091025,0.037494033,8.59445833,0.322240908,34.08910103,2.108194113,16787941,0.014975035,16785427,-0.000822135,1,10445501.91
25-Apr-20,Jharkhand,59,0,9,3,59,0.625928284,1.597627119,16.8880236,26.98076448,15.25423729,5.084745763,32988134,0.000178852,32988075,-1.21E-05,1,27098529.54
25-Apr-20,Maharashtra,6814,3,957,301,6817,72.32123913,0.013827197,57.5291825,0.795467323,14.03843333,4.415432008,112374333,0.006066332,112367516,-0.000344404,1,89594728.7
26-Apr-20,Assam,36,0,19,1,36,0.347624566,2.876666667,15.9754566,45.95606349,52.77777778,2.777777778,31205576,0.000115364,31205540,0,0,31205540
26-Apr-20,Delhi,2624,1,869,54,2625,25.34762457,0.039451429,8.59445833,0.339063659,33.1047619,2.057142857,16787941,0.015636224,16785316,-0.000661288,1,10323195.42
26-Apr-20,Jharkhand,67,0,13,3,67,0.646967941,1.545671642,16.8880236,26.10333916,19.40298507,4.47761194,32988134,0.000203103,32988067,-2.43E-05,1,26385445.64
26-Apr-20,Maharashtra,7625,3,1076,323,7628,73.65778293,0.013576298,57.5291825,0.781033317,14.10592554,4.23439958,112374333,0.006788027,112366705,-0.000721739,1,88730766.02
27-Apr-20,Assam,36,0,27,1,36,0.324207493,3.084444444,15.9754566,49.27540836,75,2.777777778,31205576,0.000115364,31205540,0,0,31205540
27-Apr-20,Delhi,2917,1,877,54,2918,26.27881844,0.038053461,8.59445833,0.327048887,30.05483208,1.850582591,16787941,0.017381524,16785023,-0.001745573,2,5695897.963
27-Apr-20,Jharkhand,82,0,13,3,82,0.738472623,1.354146341,16.8880236,22.86885537,15.85365854,3.658536585,32988134,0.000248574,32988052,-4.55E-05,1,25098600.86
27-Apr-20,Maharashtra,8065,3,1188,342,8068,72.65850144,0.013763014,57.5291825,0.791774966,14.72483887,4.238968765,112374333,0.007179575,112366265,-0.000391575,1,88753008.48
28-Apr-20,Assam,38,0,27,1,38,0.320973055,3.115526316,15.9754566,49.77195544,71.05263158,2.631578947,31205576,0.000121773,31205538,-6.41E-06,1,21340263.19
28-Apr-20,Delhi,3107,1,877,54,3108,26.25221725,0.038092021,8.59445833,0.327380284,28.21750322,1.737451737,16787941,0.018513289,16784833,-0.001131962,2,5308793.357
28-Apr-20,Jharkhand,103,0,17,3,103,0.870005913,1.149417476,16.8880236,19.41138946,16.50485437,2.912621359,32988134,0.000312233,32988031,-6.37E-05,1,23401765.43
28-Apr-20,Maharashtra,8587,3,1282,369,8590,72.55680378,0.013782305,57.5291825,0.79288474,14.92433062,4.295692666,112374333,0.007644094,112365743,-0.000464552,1,89029500.89
29-Apr-20,Assam,38,0,27,1,38,0.297455969,3.361842105,15.9754566,53.70696265,71.05263158,2.631578947,31205576,0.000121773,31205538,0,0,31205538
29-Apr-20,Delhi,3313,1,1078,54,3314,25.94129159,0.038548582,8.59445833,0.33130418,32.52866626,1.629450815,16787941,0.01974036,16784627,-0.001227298,2,4918757.711
29-Apr-20,Jharkhand,105,0,19,3,105,0.821917808,1.216666667,16.8880236,20.54709538,18.0952381,2.857142857,32988134,0.000318296,32988029,-6.06E-06,1,23246271.14
29-Apr-20,Maharashtra,9315,3,1388,400,9318,72.93933464,0.013710024,57.5291825,0.78872645,14.89590041,4.292766688,112374333,0.008291929,112365015,-0.000647884,1,89014798.8
30-Apr-20,Assam,42,0,29,1,42,0.311041991,3.215,15.9754566,51.36109297,69.04761905,2.380952381,31205576,0.000134591,31205534,-1.28E-05,1,20503496.88
30-Apr-20,Delhi,3438,1,1092,56,3439,25.46841443,0.039264321,8.59445833,0.337455571,31.75341669,1.628380343,16787941,0.020484942,16784502,-0.000744729,1,9082493.939
30-Apr-20,Jharkhand,107,0,19,3,107,0.7924165,1.261962617,16.8880236,21.31205446,17.75700935,2.803738318,32988134,0.000324359,32988027,-6.06E-06,1,23091810.04
30-Apr-20,Maharashtra,9912,3,1593,432,9915,73.42812708,0.013618759,57.5291825,0.783476098,16.06656581,4.357034796,112374333,0.008823189,112364418,-0.000531304,1,89320715.07
01-May-20,Assam,42,0,29,1,42,0.29648454,3.372857143,15.9754566,53.8829329,69.04761905,2.380952381,31205576,0.000134591,31205534,0,0,31205534
01-May-20,Delhi,3514,1,1094,59,3515,24.81293237,0.040301565,8.59445833,0.346370119,31.12375533,1.678520626,16787941,0.020937648,16784426,-0.000452799,1,9250602.836
01-May-20,Jharkhand,111,0,20,3,111,0.783566286,1.276216216,16.8880236,21.55276958,18.01801802,2.702702703,32988134,0.000336485,32988023,-1.21E-05,1,22785959.99
01-May-20,Maharashtra,10495,3,1773,459,10498,74.1070168,0.013493999,57.5291825,0.776298723,16.88893122,4.372261383,112374333,0.009341991,112363835,-0.000518848,1,89391673.12
02-May-20,Assam,43,0,32,1,43,0.279257046,3.580930233,15.9754566,57.20699552,74.41860465,2.325581395,31205576,0.000137796,31205533,-3.20E-06,1,20299483.02
02-May-20,Delhi,3737,1,1167,61,3738,24.27587998,0.041193151,8.59445833,0.354032823,31.21990369,1.631888711,16787941,0.022265982,16784203,-0.001328613,2,4927660.719
02-May-20,Jharkhand,111,0,20,3,111,0.720872841,1.387207207,16.8880236,23.42718805,18.01801802,2.702702703,32988134,0.000336485,32988023,0,0,32988023
02-May-20,Maharashtra,11503,3,1879,485,11506,74.72399013,0.013382583,57.5291825,0.76988906,16.33061012,4.215192074,112374333,0.010238993,112362827,-0.000897086,1,88632273.21
03-May-20,Assam,43,0,32,1,43,0.259411197,3.854883721,15.9754566,61.58352758,74.41860465,2.325581395,31205576,0.000137796,31205533,0,0,31205533
03-May-20,Delhi,4121,1,1256,64,4122,24.86727799,0.040213489,8.59445833,0.345613152,30.47064532,1.552644347,16787941,0.024553339,16783819,-0.002287866,3,2430817.856
03-May-20,Jharkhand,115,0,22,3,115,0.693774131,1.441391304,16.8880236,24.34225036,19.13043478,2.608695652,32988134,0.00034861,32988019,-1.21E-05,1,22484160.91
03-May-20,Maharashtra,12293,3,2000,521,12296,74.17953668,0.013480807,57.5291825,0.775539793,16.26545218,4.237150293,112374333,0.010942,112362037,-0.000703079,1,88740683.99
04-May-20,Assam,43,0,32,1,43,0.243198914,4.111860465,15.9754566,65.68884841,74.41860465,2.325581395,31205576,0.000137796,31205533,0,0,31205533
04-May-20,Delhi,4548,1,1362,64,4549,25.7281828,0.038867883,8.59445833,0.334048401,29.9406463,1.406902616,16787941,0.027096831,16783392,-0.002544117,3,1989823.768
04-May-20,Jharkhand,115,0,22,3,115,0.650415701,1.537478261,16.8880236,25.96496915,19.13043478,2.608695652,32988134,0.00034861,32988019,0,0,32988019
04-May-20,Maharashtra,12971,3,2115,548,12974,73.37820259,0.013628025,57.5291825,0.784009154,16.30183444,4.22383228,112374333,0.011545341,112361359,-0.000603407,1,88674137.35
05-May-20,Assam,43,0,32,1,43,0.21942134,4.55744186,15.9754566,72.80721465,74.41860465,2.325581395,31205576,0.000137796,31205533,0,0,31205533
05-May-20,Delhi,4897,1,1431,64,4898,24.99362147,0.040010208,8.59445833,0.343866068,29.21600653,1.306655778,16787941,0.029175704,16783043,-0.002079437,3,1689498.149
05-May-20,Jharkhand,115,0,27,3,115,0.586824514,1.704086957,16.8880236,28.77866074,23.47826087,2.608695652,32988134,0.00034861,32988019,0,0,32988019
05-May-20,Maharashtra,14538,3,2465,583,14541,74.20013267,0.013477065,57.5291825,0.775324523,16.95206657,4.009352864,112374333,0.012939788,112359792,-0.001394608,2,68229193.59
06-May-20,Assam,43,0,32,1,43,0.206760591,4.836511628,15.9754566,77.26548161,74.41860465,2.325581395,31205576,0.000137796,31205533,0,0,31205533
06-May-20,Delhi,5103,1,1468,64,5104,24.54200125,0.040746473,8.59445833,0.350193867,28.76175549,1.253918495,16787941,0.030402775,16782837,-0.001227429,2,3405380.758
06-May-20,Jharkhand,125,0,33,3,125,0.601048228,1.66376,16.8880236,28.09761814,26.4,2.4,32988134,0.000378924,32988009,-3.03E-05,1,21747035.84
06-May-20,Maharashtra,15522,3,2819,617,15525,74.65018993,0.013395813,57.5291825,0.770650183,18.15780998,3.974235105,112374333,0.013815432,112358808,-0.000875758,1,87363418.98
07-May-20,Assam,45,0,32,1,45,0.200338349,4.991555556,15.9754566,79.74237914,71.11111111,2.222222222,31205576,0.000144205,31205531,-6.41E-06,1,19897525.05
07-May-20,Delhi,5531,1,1542,65,5532,24.62826106,0.04060376,8.59445833,0.348967323,27.87418655,1.174981923,16787941,0.032952224,16782409,-0.002550224,3,1306171.69
07-May-20,Jharkhand,127,0,37,3,127,0.565399341,1.768661417,16.8880236,29.86919576,29.13385827,2.362204724,32988134,0.000384987,32988007,-6.06E-06,1,21602536.49
07-May-20,Maharashtra,16755,3,3094,651,16758,74.60600125,0.013403747,57.5291825,0.771106634,18.46282373,3.884711779,112374333,0.014912658,112357575,-0.001097377,2,67144546.76
08-May-20,Assam,54,0,34,1,54,0.223695112,4.47037037,15.9754566,71.41620784,62.96296296,1.851851852,31205576,0.000173046,31205522,-2.88E-05,1,18184963.41
08-May-20,Delhi,5979,1,1931,66,5980,24.77216239,0.040367893,8.59445833,0.346940174,32.2909699,1.10367893,16787941,0.035620807,16781961,-0.002669462,3,1107519.402
08-May-20,Jharkhand,132,0,41,3,132,0.546810273,1.828787879,16.8880236,30.88461286,31.06060606,2.272727273,32988134,0.000400144,32988002,-1.52E-05,1,21245474.75
08-May-20,Maharashtra,17971,3,3301,694,17974,74.45733223,0.013430511,57.5291825,0.772646303,18.36541671,3.861132747,112374333,0.015994756,112356359,-0.001082259,2,66933051.47
09-May-20,Assam,59,0,34,1,59,0.230721101,4.334237288,15.9754566,69.24141969,57.62711864,1.694915254,31205576,0.000189069,31205517,-1.60E-05,1,17298069.51
09-May-20,Delhi,6317,1,2020,68,6318,24.70671046,0.040474834,8.59445833,0.347859273,31.97214308,1.076289965,16787941,0.037634157,16781623,-0.002014067,3,1033479.72
09-May-20,Jharkhand,132,0,52,3,132,0.516189582,1.937272727,16.8880236,32.71670754,39.39393939,2.272727273,32988134,0.000400144,32988002,0,0,32988002
09-May-20,Maharashtra,19060,3,3470,731,19063,74.54637885,0.013414468,57.5291825,0.771723367,18.20280124,3.834653517,112374333,0.016963838,112355270,-0.000969238,1,86564184.03
10-May-20,Assam,63,0,34,2,63,0.233428434,4.283968254,15.9754566,68.43834892,53.96825397,3.174603175,31205576,0.000201887,31205513,-1.28E-05,1,22773436.2
10-May-20,Delhi,6541,1,2020,73,6542,24.23950498,0.041254968,8.59445833,0.354564103,30.87740752,1.115866707,16787941,0.038968448,16781399,-0.001334793,2,2795308.015
10-May-20,Jharkhand,156,0,78,3,156,0.578013265,1.730064103,16.8880236,29.21736339,50,1.923076923,32988134,0.000472897,32987978,-7.28E-05,1,19612030.76
10-May-20,Maharashtra,20225,3,3800,779,20228,74.94905332,0.013342397,57.5291825,0.767577174,18.78584141,3.851097489,112374333,0.018000552,112354105,-0.00103689,2,66841427.34
11-May-20,Assam,63,0,34,2,63,0.214914375,4.653015873,15.9754566,74.33405314,53.96825397,3.174603175,31205576,0.000201887,31205513,0,0,31205513
11-May-20,Delhi,6922,1,2069,73,6923,23.61670192,0.042342915,8.59445833,0.363914418,29.88588762,1.054456161,16787941,0.041237934,16781018,-0.002270371,3,975485.3612
11-May-20,Jharkhand,157,0,78,3,157,0.535580269,1.867133758,16.8880236,31.53219897,49.68152866,1.910828025,32988134,0.000475929,32987977,-3.03E-06,1,19546765.56
11-May-20,Maharashtra,22168,3,4199,832,22171,75.63280344,0.013221776,57.5291825,0.760637976,18.93915475,3.752649858,112374333,0.019729594,112352162,-0.001729354,2,65935798.01
12-May-20,Assam,65,0,34,2,65,0.210635471,4.747538462,15.9754566,75.84409465,52.30769231,3.076923077,31205576,0.000208296,31205511,-6.41E-06,1,22546835.28
12-May-20,Delhi,7232,1,2129,73,7233,23.43886711,0.042664178,8.59445833,0.366675501,29.43453615,1.0092631,16787941,0.043084497,16780708,-0.001847325,2,2313094.083
12-May-20,Jharkhand,160,0,78,3,160,0.518487313,1.9286875,16.8880236,32.57172002,48.75,1.875,32988134,0.000485023,32987974,-9.09E-06,1,19352270.24
12-May-20,Maharashtra,23398,3,4786,868,23401,75.83201011,0.013187043,57.5291825,0.75863982,20.45211743,3.709243195,112374333,0.02082415,112350932,-0.001094772,2,65525130.82
13-May-20,Assam,65,0,39,2,65,0.201219701,4.969692308,15.9754566,79.39310378,60,3.076923077,31205576,0.000208296,31205511,0,0,31205511
13-May-20,Delhi,7638,1,2512,86,7639,23.64795839,0.042286949,8.59445833,0.363433417,32.88388533,1.125801807,16787941,0.0455029,16780302,-0.002419445,3,1168169.808
13-May-20,Jharkhand,172,0,79,3,172,0.532458286,1.878081395,16.8880236,31.71708293,45.93023256,1.744186047,32988134,0.0005214,32987962,-3.64E-05,1,18593450.11
13-May-20,Maharashtra,24424,3,5125,921,24427,75.61836362,0.013224301,57.5291825,0.760783224,20.98088181,3.77041798,112374333,0.02173717,112349906,-0.00091321,1,86176332.74
14-May-20,Assam,80,0,39,2,80,0.234102947,4.271625,15.9754566,68.2411598,48.75,2.5,31205576,0.000256364,31205496,-4.81E-05,1,20917669.52
14-May-20,Delhi,7997,1,2858,106,7998,23.4044421,0.042726932,8.59445833,0.367214834,35.73393348,1.325331333,16787941,0.04764134,16779943,-0.002139413,3,1744729.272
14-May-20,Jharkhand,173,0,79,3,173,0.506247622,1.975317919,16.8880236,33.35921563,45.66473988,1.734104046,32988134,0.000524431,32987961,-3.03E-06,1,18531574.56
14-May-20,Maharashtra,25919,3,5547,975,25922,75.85520733,0.013183011,57.5291825,0.758407821,21.39881182,3.761283852,112374333,0.023067545,112348411,-0.001330664,2,66014309.03
15-May-20,Assam,87,0,39,2,87,0.239814764,4.169885057,15.9754566,66.61581776,44.82758621,2.298850575,31205576,0.000278796,31205489,-2.24E-05,1,20198210.45
15-May-20,Delhi,8469,1,3045,115,8470,23.34748332,0.042831169,8.59445833,0.368110696,35.95041322,1.357733176,16787941,0.050452882,16779471,-0.002812882,3,1841519.337
15-May-20,Jharkhand,197,0,87,3,197,0.543028833,1.841522843,16.8880236,31.09968123,44.16243655,1.52284264,32988134,0.000597184,32987937,-7.28E-05,1,17106786.95
15-May-20,Maharashtra,27521,3,6059,1019,27524,75.86967308,0.013180497,57.5291825,0.758263219,22.01351548,3.702223514,112374333,0.024493138,112346809,-0.001425921,2,65455773.31
16-May-20,Assam,90,0,41,2,90,0.235060593,4.254222222,15.9754566,67.96314248,45.55555556,2.222222222,31205576,0.00028841,31205486,-9.61E-06,1,19897496.36
16-May-20,Delhi,8894,1,3518,123,8895,23.23182198,0.043044407,8.59445833,0.369943362,39.55030916,1.382799325,16787941,0.052984461,16779046,-0.002532857,3,1916726.245
16-May-20,Jharkhand,203,0,87,3,203,0.530192227,1.886108374,16.8880236,31.85264274,42.85714286,1.477832512,32988134,0.000615373,32987931,-1.82E-05,1,16768046.82
16-May-20,Maharashtra,29097,3,6564,1068,29100,76.0029252,0.013157388,57.5291825,0.756933794,22.55670103,3.670103093,112374333,0.025895593,112345233,-0.001402799,2,65146120.05
17-May-20,Assam,92,0,41,2,92,0.228016259,4.385652174,15.9754566,70.06279597,44.56521739,2.173913043,31205576,0.000294819,31205484,-6.41E-06,1,19699511.7
17-May-20,Delhi,9332,1,3926,129,9333,23.13125805,0.043231544,8.59445833,0.371551703,42.06578806,1.382192221,16787941,0.055593476,16778608,-0.002610399,3,1914850.641
17-May-20,Jharkhand,217,0,113,3,217,0.537820958,1.859354839,16.8880236,31.4008284,52.07373272,1.382488479,32988134,0.000657812,32987917,-4.24E-05,1,16003508.98
17-May-20,Maharashtra,30703,3,7088,1135,30706,76.10290473,0.013140103,57.5291825,0.755939379,23.08343646,3.696345991,112374333,0.027324745,112343627,-0.001429522,2,65397719.16
18-May-20,Assam,101,0,41,2,101,0.232552785,4.30009901,15.9754566,68.69604511,40.59405941,1.98019802,31205576,0.00032366,31205475,-2.88E-05,1,18832678.15
18-May-20,Delhi,10053,1,4485,160,10054,23.14936336,0.043197732,8.59445833,0.37126111,44.6091108,1.591406405,16787941,0.059888226,16777887,-0.004297138,5,724833.5538
18-May-20,Jharkhand,223,0,113,3,223,0.513458129,1.947578475,16.8880236,32.89075125,50.67264574,1.34529148,32988134,0.000676001,32987911,-1.82E-05,1,15686615.42
18-May-20,Maharashtra,33050,3,7688,1198,33053,76.10462573,0.013139806,57.5291825,0.755922284,23.25961335,3.624481893,112374333,0.0294133,112341280,-0.002089126,3,49098911.9
19-May-20,Assam,107,0,41,2,107,0.235464988,4.246915888,15.9754566,67.84642045,38.31775701,1.869158879,31205576,0.000342887,31205469,-1.92E-05,1,18276084.88
19-May-20,Delhi,10053,1,4485,168,10054,22.12490647,0.045197931,8.59445833,0.388451736,44.6091108,1.670976726,16787941,0.059888226,16777887,0,0,16777887
19-May-20,Jharkhand,223,0,113,3,223,0.490735443,2.037757848,16.8880236,34.41370262,50.67264574,1.34529148,32988134,0.000676001,32987911,0,0,32987911
19-May-20,Maharashtra,35055,3,8437,1249,35058,77.14889309,0.012961949,57.5291825,0.745690316,24.06583376,3.562667579,112374333,0.031197516,112339275,-0.00178474,2,64080905.39
20-May-20,Assam,142,0,41,4,142,0.295445561,3.38471831,15.9754566,54.07242046,28.87323944,2.816901408,31205576,0.000455047,31205434,-0.00011216,1,21880421.6
20-May-20,Delhi,10553,1,4750,168,10554,21.95867923,0.04554008,8.59445833,0.391392316,45.00663256,1.59181353,16787941,0.062866554,16777387,-0.002980113,3,2548204.797
20-May-20,Jharkhand,231,0,127,3,231,0.480619187,2.080649351,16.8880236,35.13805534,54.97835498,1.298701299,32988134,0.000700252,32987903,-2.43E-05,1,15273830.19
20-May-20,Maharashtra,37133,3,9639,1325,37136,77.26525602,0.012942428,57.5291825,0.744567293,25.95594571,3.567966394,112374333,0.033046692,112337197,-0.001849754,2,64133165.95
21-May-20,Assam,170,0,48,4,170,0.33473792,2.987411765,15.9754566,47.72526699,28.23529412,2.352941176,31205576,0.000544774,31205406,-8.97E-05,1,20401151.57
21-May-20,Delhi,11087,1,5192,176,11088,21.83278856,0.04580267,8.59445833,0.393649135,46.82539683,1.587301587,16787941,0.066047409,16776853,-0.003182856,4,1349858.994
21-May-20,Jharkhand,231,0,127,3,231,0.454849762,2.198528139,16.8880236,37.12879509,54.97835498,1.298701299,32988134,0.000700252,32987903,0,0,32987903
21-May-20,Maharashtra,39294,3,10318,1390,39297,77.37762375,0.012923633,57.5291825,0.743486033,26.25645724,3.537165687,112374333,0.034969729,112335036,-0.001923673,2,63819662.88
22-May-20,Assam,203,0,54,4,203,0.377365505,2.649950739,15.9754566,42.33417302,26.60098522,1.97044335,31205576,0.000650525,31205373,-0.000105751,1,18785593.85
22-May-20,Delhi,11658,1,5567,194,11659,21.67342083,0.046139463,8.59445833,0.396543693,47.74852046,1.663950596,16787941,0.06944866,16776282,-0.003403499,4,1515959.508
22-May-20,Jharkhand,290,0,129,3,290,0.539093579,1.854965517,16.8880236,31.32670143,44.48275862,1.034482759,32988134,0.000879104,32987844,-0.000178853,1,12546885.45
22-May-20,Maharashtra,41639,3,11726,1454,41642,77.41012009,0.012918208,57.5291825,0.743173921,28.15907017,3.491667067,112374333,0.037056505,112332691,-0.002087505,3,47573528.28
23-May-20,Assam,259,0,54,4,259,0.450685599,2.218841699,15.9754566,35.44700926,20.84942085,1.544401544,31205576,0.00082998,31205317,-0.000179456,1,16331381.41
23-May-20,Delhi,12318,1,5897,208,12319,21.43627758,0.04664989,8.59445833,0.400930539,47.86914522,1.688448738,16787941,0.073380053,16775622,-0.003934126,4,1569705.936
23-May-20,Jharkhand,308,0,136,3,308,0.535950442,1.865844156,16.8880236,31.51042014,44.15584416,0.974025974,32988134,0.000933669,32987826,-5.46E-05,1,11816205.27
23-May-20,Maharashtra,44579,3,12583,1517,44582,77.57708638,0.012890404,57.5291825,0.741574416,28.2243955,3.402718586,112374333,0.039672761,112329751,-0.002617226,3,46515740.54
24-May-20,Assam,329,0,55,4,329,0.541305385,1.847386018,15.9754566,29.51283516,16.71732523,1.215805471,31205576,0.001054299,31205247,-0.000224321,1,13709462.03
24-May-20,Delhi,12909,1,6267,231,12910,21.24088912,0.047079009,8.59445833,0.404618577,48.54376452,1.789310612,16787941,0.076900437,16775031,-0.003522969,4,1793903.004
24-May-20,Jharkhand,350,0,141,4,350,0.575856793,1.736542857,16.8880236,29.32677675,40.28571429,1.142857143,32988134,0.001060988,32987784,-0.00012732,1,13751354.26
24-May-20,Maharashtra,47187,3,13404,1577,47190,77.6419487,0.012879636,57.5291825,0.740954902,28.40432295,3.341809705,112374333,0.041993575,112327143,-0.002321736,3,45773180.85
25-May-20,Assam,378,0,55,4,378,0.586983866,1.703624339,15.9754566,27.21617668,14.55026455,1.058201058,31205576,0.001211322,31205198,-0.000157025,1,12128822.97
25-May-20,Delhi,13417,1,6540,261,13418,20.83637437,0.047992994,8.59445833,0.412473791,48.74049784,1.945148308,16787941,0.079926419,16774523,-0.00302831,4,2145693.434
25-May-20,Jharkhand,370,0,148,4,370,0.574560927,1.740459459,16.8880236,29.39292043,40,1.081081081,32988134,0.001121615,32987764,-6.06E-05,1,13080684.87
25-May-20,Maharashtra,50228,3,14600,1635,50231,78.00208084,0.012820171,57.5291825,0.737533946,29.06571639,3.254962075,112374333,0.044699709,112324102,-0.002707271,3,44688613.4
26-May-20,Assam,526,0,62,4,526,0.777807352,1.285665399,15.9754566,20.53909179,11.78707224,0.760456274,31205576,0.001685596,31205050,-0.00047428,1,8377754.684
26-May-20,Delhi,14052,1,6771,276,14053,20.78046905,0.048122109,8.59445833,0.413583462,48.18188287,1.963993453,16787941,0.083708896,16773888,-0.003785503,4,2188369.453
26-May-20,Jharkhand,377,0,148,4,377,0.557477893,1.793793103,16.8880236,30.29362026,39.25729443,1.061007958,32988134,0.001142835,32987757,-2.12E-05,1,12853761.51
26-May-20,Maharashtra,52664,3,15786,1695,52667,77.87980954,0.012840298,57.5291825,0.738691875,29.97322802,3.218334061,112374333,0.046867464,112321666,-0.002168724,3,44221340.12
26-May-20,Nagaland,3,0,0,0,3,0.004436164,225.42,1.01287901,228.3231864,0,0,1978502,0.00015163,1978499,-0.000101087,1,0
27-May-20,Assam,616,0,62,4,616,0.876631231,1.140730519,15.9754566,18.22369091,10.06493506,0.649350649,31205576,0.001974006,31204960,-0.000288415,1,6689753.689
27-May-20,Delhi,14464,1,7223,288,14465,20.58517981,0.048578638,8.59445833,0.417507081,49.93432423,1.991012789,16787941,0.086163038,16773476,-0.002456199,3,3717412.997
27-May-20,Jharkhand,426,0,175,4,426,0.606241728,1.649507042,16.8880236,27.85691386,41.07981221,0.938967136,32988134,0.001291373,32987708,-0.00014854,1,11371781.81
27-May-20,Maharashtra,54755,3,16954,1792,54758,77.92625482,0.012832645,57.5291825,0.738251603,30.96168596,3.272581175,112374333,0.048728209,112319575,-0.001861618,2,60959503.31
27-May-20,Nagaland,4,0,0,0,4,0.005692411,175.6725,1.01287901,177.9349879,0,0,1978502,0.000202173,1978498,-5.05E-05,1,0
28-May-20,Assam,781,0,87,4,781,1.063482121,0.940307298,15.9754566,15.02183844,11.13956466,0.512163892,31205576,0.002502758,31204795,-0.000528762,1,4428548.009
28-May-20,Delhi,15256,1,7264,303,15257,20.77534791,0.048133971,8.59445833,0.413685411,47.61093269,1.985973651,16787941,0.09088071,16772684,-0.00472174,5,1352689.516
28-May-20,Jharkhand,448,0,185,4,448,0.6100384,1.639241071,16.8880236,27.6835419,41.29464286,0.892857143,32988134,0.001358064,32987686,-6.67E-05,1,10763215.42
28-May-20,Maharashtra,56945,3,17918,1897,56948,77.5456848,0.012895624,57.5291825,0.741874711,31.46379153,3.331109082,112374333,0.050677053,112317385,-0.001949794,2,61616397.34
28-May-20,Nagaland,4,0,0,0,4,0.005446771,183.595,1.01287901,185.9595218,0,0,1978502,0.000202173,1978498,0,0,0
29-May-20,Assam,856,0,104,4,856,1.109239342,0.901518692,15.9754566,14.40217273,12.14953271,0.46728972,31205576,0.0027431,31204720,-0.000240348,1,3671386.439
29-May-20,Delhi,16280,1,7495,316,16281,21.09757678,0.047398808,8.59445833,0.407367084,46.03525582,1.94091272,16787941,0.096980327,16771660,-0.006105165,7,455272.0729
29-May-20,Jharkhand,469,0,212,4,469,0.607749125,1.645415778,16.8880236,27.78782049,45.20255864,0.852878465,32988134,0.001421723,32987665,-6.37E-05,1,10212716.95
29-May-20,Maharashtra,59543,3,18616,1982,59546,77.16210963,0.012959729,57.5291825,0.745562593,31.26322507,3.328519128,112374333,0.052988969,112314787,-0.002313088,3,45604382.15
29-May-20,Nagaland,18,0,0,0,18,0.023325126,42.87222222,1.01287901,43.424374,0,0,1978502,0.000909779,1978484,-0.000707607,1,0
30-May-20,Assam,1024,0,125,4,1024,1.261487668,0.792714844,15.9754566,12.66398158,12.20703125,0.390625,31205576,0.003281465,31204552,-0.00053838,1,2412259.793
30-May-20,Delhi,17385,1,7846,398,17386,21.41818809,0.04668929,8.59445833,0.401269159,45.12826412,2.289198205,16787941,0.103562432,16770555,-0.006588495,7,788033.6189
30-May-20,Jharkhand,511,0,216,5,511,0.629511913,1.58853229,16.8880236,26.8271708,42.27005871,0.978473581,32988134,0.001549042,32987623,-0.00012732,1,11871403.37
30-May-20,Maharashtra,62225,3,26997,2098,62228,76.66001429,0.01304461,57.5291825,0.750445758,43.3840072,3.371472649,112374333,0.055375635,112312105,-0.002387931,3,46129966.55
30-May-20,Nagaland,25,0,0,0,25,0.030798039,32.4696,1.01287901,32.8877763,0,0,1978502,0.001263582,1978477,-0.000353806,1,0
31-May-20,Assam,1185,0,163,4,1185,1.385948702,0.721527426,15.9754566,11.52673008,13.75527426,0.337552743,31205576,0.003797398,31204391,-0.00051595,1,1612940.363
31-May-20,Delhi,18548,1,8075,416,18549,21.69448311,0.046094668,8.59445833,0.396158705,43.53334412,2.242708502,16787941,0.110490024,16769392,-0.006934773,7,739581.6124
31-May-20,Jharkhand,563,0,256,5,563,0.658471831,1.518667851,16.8880236,25.6472985,45.47069272,0.888099467,32988134,0.001706674,32987571,-0.000157635,1,10698792.17
31-May-20,Maharashtra,65165,3,28081,2197,65168,76.21899159,0.01312009,57.5291825,0.75478803,43.09016695,3.371286521,112374333,0.05799189,112309165,-0.002617705,3,46126492.91
31-May-20,Nagaland,36,0,0,0,36,0.042104771,23.75027778,1.01287901,24.05615784,0,0,1978502,0.001819558,1978466,-0.000555983,1,0
01-Jun-20,Assam,1272,0,185,4,1272,1.42243693,0.703018868,15.9754566,11.23104741,14.54402516,0.314465409,31205576,0.004076195,31204304,-0.000278807,1,1297651.427
01-Jun-20,Delhi,19843,1,8478,473,19844,22.19091072,0.045063495,8.59445833,0.387296332,42.72324128,2.383592018,16787941,0.118203894,16768097,-0.007722403,8,584615.4628
01-Jun-20,Jharkhand,610,0,256,5,610,0.682143496,1.465967213,16.8880236,24.75728889,41.96721311,0.819672131,32988134,0.00184915,32987524,-0.000142478,1,9738912.215
01-Jun-20,Maharashtra,67652,3,29329,2286,67655,75.65642333,0.013217648,57.5291825,0.760400505,43.35082403,3.378907693,112374333,0.060205029,112306678,-0.002214423,3,46218143.3
01-Jun-20,Nagaland,43,0,0,0,43,0.048085525,20.79627907,1.01287901,21.06411456,0,0,1978502,0.002173361,1978459,-0.000353809,1,0
02-Jun-20,Assam,1390,0,277,4,1390,1.495604644,0.668625899,15.9754566,10.68160404,19.92805755,0.287769784,31205576,0.004454332,31204186,-0.000378153,1,966138.8195
02-Jun-20,Delhi,20833,1,8746,523,20834,22.41685407,0.044609293,8.59445833,0.383392706,41.97945666,2.51031967,16787941,0.124100984,16767107,-0.005904069,6,1536159.096
02-Jun-20,Jharkhand,659,0,296,5,659,0.709067238,1.41030349,16.8880236,23.81723862,44.91654021,0.758725341,32988134,0.001997688,32987475,-0.000148541,1,8829760.963
02-Jun-20,Maharashtra,70010,3,30108,2362,70013,75.33220715,0.013274535,57.5291825,0.763673131,43.00344222,3.373659178,112374333,0.062303373,112304320,-0.002099608,3,46153378.35
02-Jun-20,Nagaland,43,0,0,0,43,0.046266906,21.61372093,1.01287901,21.89208426,0,0,1978502,0.002173361,1978459,0,0,0
03-Jun-20,Assam,1513,0,324,4,1513,1.56453581,0.639167217,15.9754566,10.21098814,21.41440846,0.264375413,31205576,0.004848492,31204063,-0.000394178,1,710382.5221
03-Jun-20,Delhi,22131,1,9243,556,22132,22.88586024,0.043695102,8.59445833,0.375535734,41.76305802,2.51219953,16787941,0.131832725,16765809,-0.007741347,8,694114.1868
03-Jun-20,Jharkhand,712,0,320,5,712,0.736252146,1.358230337,16.8880236,22.93782599,44.94382022,0.702247191,32988134,0.002158352,32987422,-0.000160667,1,7941691.893
03-Jun-20,Maharashtra,72297,3,31333,2465,72300,74.76268277,0.013375657,57.5291825,0.769490612,43.33748271,3.409405256,112374333,0.064338535,112302033,-0.002036431,3,46584743.78
03-Jun-20,Nagaland,49,0,0,0,49,0.050669038,19.73591837,1.01287901,19.99009746,0,0,1978502,0.002476621,1978453,-0.000303266,1,0
04-Jun-20,Assam,1672,0,413,4,1672,1.655658649,0.603989234,15.9754566,9.649003802,24.70095694,0.23923445,31205576,0.005358017,31203904,-0.000509549,1,477373.1635
04-Jun-20,Delhi,23644,1,9542,606,23645,23.41390476,0.042709664,8.59445833,0.367066426,40.35525481,2.562909706,16787941,0.140845146,16764296,-0.009024318,10,338725.9875
04-Jun-20,Jharkhand,752,0,321,5,752,0.744650302,1.342912234,16.8880236,22.6791335,42.68617021,0.664893617,32988134,0.002279608,32987382,-0.000121258,1,7331096.714
04-Jun-20,Maharashtra,74857,3,32329,2587,74860,74.12835315,0.013490115,57.5291825,0.776075281,43.1859471,3.45578413,112374333,0.066616636,112299473,-0.002279567,3,47137053.45
04-Jun-20,Nagaland,58,0,0,0,58,0.057433135,17.41155172,1.01287901,17.63579527,0,0,1978502,0.002931511,1978444,-0.000454901,1,0
05-Jun-20,Assam,1988,0,442,4,1988,1.881542335,0.531478873,15.9754566,8.490617673,22.2334004,0.201207244,31205576,0.006370656,31203588,-0.001012694,2,1504.240912
05-Jun-20,Delhi,25003,1,9898,650,25004,23.66503246,0.042256439,8.59445833,0.363171204,39.58566629,2.599584067,16787941,0.148940242,16762937,-0.008106514,9,525753.9303
05-Jun-20,Jharkhand,793,0,354,6,793,0.750534744,1.332383354,16.8880236,22.50132153,44.6406053,0.756620429,32988134,0.002403895,32987341,-0.00012429,1,8797408.73
05-Jun-20,Maharashtra,77790,3,33681,2710,77793,73.62717447,0.013581942,57.5291825,0.78135801,43.29566928,3.483603923,112374333,0.069226662,112296540,-0.002611766,3,47463734.21
05-Jun-20,Nagaland,80,0,0,0,80,0.075715989,13.20725,1.01287901,13.3773463,0,0,1978502,0.004043463,1978422,-0.001111985,2,0
06-Jun-20,Assam,2153,0,498,4,2153,1.962786373,0.509479796,15.9754566,8.139172364,23.13051556,0.185787274,31205576,0.006899408,31203423,-0.000528785,1,143420.818
06-Jun-20,Delhi,26333,1,10315,708,26334,24.00743908,0.041653756,8.59445833,0.357991467,39.16989443,2.688539531,16787941,0.156862596,16761607,-0.00793417,8,855129.5967
06-Jun-20,Jharkhand,881,0,410,7,881,0.803165255,1.24507378,16.8880236,21.02683538,46.53802497,0.794551646,32988134,0.002670657,32987253,-0.000266769,1,9370343.787
06-Jun-20,Maharashtra,80226,3,35156,2849,80229,73.14091402,0.013672238,57.5291825,0.786552688,43.81956649,3.551085019,112374333,0.071394417,112294104,-0.002169257,3,48245817.65
06-Jun-20,Nagaland,94,0,0,0,94,0.085695271,11.66925532,1.01287901,11.81954378,0,0,1978502,0.004751069,1978408,-0.000707635,1,0
07-Jun-20,Assam,2397,0,547,4,2397,2.100310183,0.47612015,15.9754566,7.606236796,22.82019191,0.166875261,31205576,0.00768132,31203179,-0.000781965,1,77927.21647
07-Jun-20,Delhi,27653,1,10664,761,27654,24.23111298,0.041269256,8.59445833,0.354686899,38.56223331,2.751862298,16787941,0.164725382,16760287,-0.00787514,8,915660.1586
07-Jun-20,Jharkhand,1000,0,473,7,1000,0.876224524,1.14126,16.8880236,19.27362581,47.3,0.7,32988134,0.003031393,32987134,-0.000360745,1,7905400.852
07-Jun-20,Maharashtra,82965,3,37390,2969,82968,72.69859629,0.013755424,57.5291825,0.791338285,45.06556745,3.578488092,112374333,0.073831806,112291365,-0.002439131,3,48557763.55
07-Jun-20,Nagaland,107,0,0,0,107,0.093756024,10.66598131,1.01287901,10.80334859,0,0,1978502,0.005408132,1978395,-0.000657094,1,0
08-Jun-20,Assam,2565,0,615,4,2565,2.161037298,0.462740741,15.9754566,7.392494621,23.97660819,0.155945419,31205576,0.008219685,31203011,-0.000538407,1,51201.55339
08-Jun-20,Delhi,28935,1,10999,812,28936,24.37885975,0.041019146,8.59445833,0.352537339,38.0114736,2.806192978,16787941,0.172361816,16759005,-0.007649034,8,968601.7791
08-Jun-20,Jharkhand,1099,0,490,7,1099,0.925918125,1.080009099,16.8880236,18.23921916,44.58598726,0.636942675,32988134,0.003331501,32987035,-0.000300117,1,6862793.709
08-Jun-20,Maharashtra,85972,3,39314,3060,85975,72.43476869,0.013805525,57.5291825,0.794220559,45.72724629,3.559174179,112374333,0.076507684,112288358,-0.002677855,3,48336067.97
08-Jun-20,Nagaland,118,0,8,0,118,0.099416141,10.05872881,1.01287901,10.18827528,6.779661017,0,1978502,0.005964108,1978384,-0.000556006,1,0
09-Jun-20,Assam,2776,0,665,4,2776,2.263793975,0.441736311,15.9754566,7.056939269,23.95533141,0.144092219,31205576,0.008895846,31202800,-0.000676217,1,30212.72256
09-Jun-20,Delhi,29942,1,11357,874,29943,24.4181495,0.040953144,8.59445833,0.351970092,37.92873126,2.918879204,16787941,0.178360169,16757998,-0.00600871,7,1523019.472
09-Jun-20,Jharkhand,1256,0,519,7,1256,1.024252605,0.976321656,16.8880236,16.48814317,41.32165605,0.557324841,32988134,0.00380743,32986878,-0.000475945,1,5483941.71
09-Jun-20,Maharashtra,88525,3,40975,3169,88528,72.19349893,0.013851663,57.5291825,0.796874834,46.28479125,3.579658413,112374333,0.078779555,112285805,-0.002273611,3,48568669.37
09-Jun-20,Nagaland,123,0,8,0,123,0.100304992,9.969593496,1.01287901,10.09799199,6.504065041,0,1978502,0.006216825,1978379,-0.000252732,1,0
10-Jun-20,Assam,2937,0,1085,4,2937,2.320436751,0.430953354,15.9754566,6.8846766,36.94245829,0.136193395,31205576,0.009411779,31202639,-0.000515979,1,20201.52252
10-Jun-20,Delhi,31308,1,11861,905,31309,24.73631401,0.040426395,8.59445833,0.347442967,37.88367562,2.890542655,16787941,0.186496962,16756632,-0.008151332,9,744674.4841
10-Jun-20,Jharkhand,1411,0,559,8,1411,1.114789328,0.897030475,16.8880236,15.14907183,39.6172927,0.566973778,32988134,0.004277296,32986723,-0.000469884,1,5653954.144
10-Jun-20,Maharashtra,90784,3,42638,3289,90787,71.72812098,0.013941533,57.5291825,0.802045024,46.96487383,3.622765374,112374333,0.080789801,112283546,-0.00201183,3,49054437.31
10-Jun-20,Nagaland,127,0,10,0,127,0.10033894,9.966220472,1.01287901,10.09457553,7.874015748,0,1978502,0.006418998,1978375,-0.000202186,1,0
11-Jun-20,Assam,3092,0,1249,4,3092,2.350258437,0.425485123,15.9754566,6.797319115,40.39456662,0.129366106,31205576,0.009908486,31202484,-0.000496753,1,13711.74797
11-Jun-20,Delhi,32809,1,12245,984,32810,24.93919124,0.040097531,8.59445833,0.344616561,37.32093874,2.999085645,16787941,0.195437904,16755131,-0.008957647,9,833426.2241
11-Jun-20,Jharkhand,1489,0,592,8,1489,1.13180298,0.883546004,16.8880236,14.92134577,39.758227,0.537273338,32988134,0.004513744,32986645,-0.000236459,1,5128702.91
11-Jun-20,Maharashtra,94038,3,44517,3438,94041,71.48145333,0.013989643,57.5291825,0.804812715,47.33786327,3.655852235,112374333,0.08368548,112280292,-0.00289802,3,49422029.1
11-Jun-20,Nagaland,128,0,22,0,128,0.09729401,10.278125,1.01287901,10.41049707,17.1875,0,1978502,0.006469541,1978374,-5.05E-05,1,0
12-Jun-20,Assam,3319,0,1432,6,3319,2.415909041,0.413922868,15.9754566,6.612606819,43.14552576,0.180777343,31205576,0.01063592,31202257,-0.000727506,1,123541.7379
12-Jun-20,Delhi,34686,1,12731,1085,34687,25.24876075,0.039605904,8.59445833,0.340391294,36.70251103,3.127973016,16787941,0.206618548,16753254,-0.011202538,12,361404.4014
12-Jun-20,Jharkhand,1599,0,630,8,1599,1.163916408,0.85916823,16.8880236,14.50965335,39.39962477,0.500312695,32988134,0.004847197,32986535,-0.000333468,1,4469825.841
12-Jun-20,Maharashtra,97645,3,46078,3590,97648,71.07824226,0.014069003,57.5291825,0.809378238,47.18785843,3.676470588,112374333,0.086895288,112276685,-0.003212496,4,37824847.45
12-Jun-20,Nagaland,128,0,22,0,128,0.093171545,10.73289063,1.01287901,10.87111963,17.1875,0,1978502,0.006469541,1978374,0,0,0
13-Jun-20,Assam,3498,0,1537,8,3498,2.442123489,0.409479703,15.9754566,6.541625219,43.93939394,0.228702116,31205576,0.011209535,31202078,-0.000573676,1,393759.3689
13-Jun-20,Delhi,36823,1,13398,1214,36824,25.70862074,0.038897458,8.59445833,0.334302584,36.38388008,3.296762981,16787941,0.219347924,16751117,-0.012755731,13,324718.3782
13-Jun-20,Jharkhand,1617,0,672,8,1617,1.128906141,0.885813234,16.8880236,14.95963481,41.55844156,0.494743352,32988134,0.004901763,32986517,-5.46E-05,1,4370375.371
13-Jun-20,Maharashtra,101138,3,47796,3717,101141,70.61143847,0.014162011,57.5291825,0.814728941,47.25679991,3.67506748,112374333,0.090003649,112273192,-0.003111064,4,37807962.43
13-Jun-20,Nagaland,156,0,49,0,156,0.108911168,9.181794872,1.01287901,9.3000473,31.41025641,0,1978502,0.007884753,1978346,-0.001415304,2,0
14-Jun-20,Assam,3718,0,1584,8,3718,2.493327432,0.401070468,15.9754566,6.407283855,42.6035503,0.215169446,31205576,0.011914537,31201858,-0.000705081,1,299086.5285
14-Jun-20,Delhi,38957,1,14945,1271,38958,26.12561864,0.038276606,8.59445833,0.328966692,38.36182556,3.262487807,16787941,0.232059429,16748983,-0.012739449,13,311501.3267
14-Jun-20,Jharkhand,1711,0,816,8,1711,1.147413458,0.871525424,16.8880236,14.71834192,47.69140853,0.467562829,32988134,0.005186714,32986423,-0.000284965,1,3885866.723
14-Jun-20,Maharashtra,104565,3,49346,3830,104568,70.12433107,0.014260386,57.5291825,0.820388325,47.19034504,3.662688394,112374333,0.093053278,112269765,-0.003052376,4,37667987.53
14-Jun-20,Nagaland,163,0,76,0,163,0.109309406,9.148343558,1.01287901,9.266165166,46.62576687,0,1978502,0.008238556,1978339,-0.000353831,1,0
15-Jun-20,Assam,4049,0,1960,8,4049,2.610540161,0.383062485,15.9754566,6.119598097,48.40701408,0.197579649,31205576,0.012975245,31201527,-0.001060834,2,1253.227595
15-Jun-20,Delhi,41181,1,15823,1327,41182,26.55155962,0.037662571,8.59445833,0.323689397,38.42212617,3.222281579,16787941,0.245307033,16746759,-0.013278418,14,217285.569
15-Jun-20,Jharkhand,1745,0,905,8,1745,1.125066086,0.888836676,16.8880236,15.01069476,51.86246418,0.458452722,32988134,0.005289781,32986389,-0.000103073,1,3724173.774
15-Jun-20,Maharashtra,107955,3,50978,3950,107958,69.60451832,0.014366883,57.5291825,0.826515058,47.22021527,3.658830286,112374333,0.096069981,112266375,-0.003019513,4,37623498.91
15-Jun-20,Nagaland,168,0,88,0,168,0.108315818,9.232261905,1.01287901,9.351164298,52.38095238,0,1978502,0.008491273,1978334,-0.000252737,1,0
16-Jun-20,Assam,4158,0,2166,8,4158,2.60410469,0.384009139,15.9754566,6.134721334,52.09235209,0.192400192,31205576,0.013324542,31201418,-0.000349342,1,172555.4805
16-Jun-20,Delhi,42828,1,16427,1400,42829,26.82328037,0.037281048,8.59445833,0.320410413,38.35485302,3.268813187,16787941,0.255117647,16745112,-0.009834739,10,785756.8455
16-Jun-20,Jharkhand,1763,0,905,8,1763,1.104145399,0.905677822,16.8880236,15.29510843,51.33295519,0.45377198,32988134,0.005344346,32986371,-5.46E-05,1,3641313.536
16-Jun-20,Maharashtra,110741,3,56049,4128,110744,69.3576166,0.014418027,57.5291825,0.829457316,50.6113198,3.727515712,112374333,0.098549195,112263589,-0.002481598,3,50200450.36
16-Jun-20,Nagaland,177,0,92,0,177,0.110852941,9.020960452,1.01287901,9.137141492,51.97740113,0,1978502,0.008946162,1978325,-0.000454928,1,0
17-Jun-20,Assam,4319,0,2166,8,4319,2.626010823,0.380805742,15.9754566,6.083545605,50.1504978,0.185228062,31205576,0.013840475,31201257,-0.000516002,1,141099.2664
17-Jun-20,Delhi,44687,1,16500,1837,44688,27.17091263,0.036804064,8.59445833,0.316310992,36.9226638,4.110723237,16787941,0.266191071,16743253,-0.011101747,12,903753.1977
17-Jun-20,Jharkhand,1839,0,1121,9,1839,1.118137046,0.894344753,16.8880236,15.10371529,60.95704187,0.489396411,32988134,0.005574732,32986295,-0.000230398,1,4274891.998
17-Jun-20,Maharashtra,113442,3,57851,5537,113445,68.97610506,0.014497774,57.5291825,0.834045101,50.99475517,4.880779232,112374333,0.100952768,112260888,-0.002405945,3,60713711.9
17-Jun-20,Nagaland,179,0,92,0,179,0.108834438,9.188268156,1.01287901,9.306603954,51.39664804,0,1978502,0.009047249,1978323,-0.000101096,1,0
18-Jun-20,Assam,4605,0,2642,8,4605,2.700135447,0.370351792,15.9754566,5.916538972,57.37242128,0.173724213,31205576,0.014756978,31200971,-0.00091663,1,98687.12591
18-Jun-20,Delhi,47101,1,17457,1904,47102,27.61819323,0.036208017,8.59445833,0.31118829,37.0621205,4.042291198,16787941,0.28057044,16740839,-0.014417748,15,409460.179
18-Jun-20,Jharkhand,1895,0,1151,10,1895,1.111130656,0.899984169,16.8880236,15.19895388,60.73878628,0.527704486,32988134,0.00574449,32986239,-0.000169767,1,4958436.535
18-Jun-20,Maharashtra,116749,3,59166,5651,116752,68.45737539,0.01460763,57.5291825,0.840365003,50.67664794,4.840174044,112374333,0.103895611,112257581,-0.002945817,3,60399669.83
18-Jun-20,Nagaland,193,0,103,0,193,0.113165286,8.836632124,1.01287901,8.950439198,53.36787565,0,1978502,0.009754855,1978309,-0.00070767,1,0
19-Jun-20,Assam,4777,0,2654,9,4777,2.693194567,0.371306259,15.9754566,5.931787028,55.55788152,0.188402763,31205576,0.015308162,31200799,-0.000551265,1,154535.0912
19-Jun-20,Delhi,49978,1,21341,1969,49979,28.17734379,0.035489506,8.59445833,0.305013077,42.69993397,3.939654655,16787941,0.297707742,16737962,-0.017185519,18,173557.022
19-Jun-20,Jharkhand,1920,0,1198,11,1920,1.082464637,0.923817708,16.8880236,15.60145526,62.39583333,0.572916667,32988134,0.005820275,32986214,-7.58E-05,1,5758259.001
19-Jun-20,Maharashtra,120501,3,60838,5751,120504,67.93818676,0.014719262,57.5291825,0.846787135,50.48629091,4.772455686,112374333,0.107234452,112253829,-0.003342313,4,48551238.57
19-Jun-20,Nagaland,193,0,103,0,193,0.108810247,9.190310881,1.01287901,9.308672987,53.36787565,0,1978502,0.009754855,1978309,0,0,0
20-Jun-20,Assam,4904,0,3039,9,4904,2.657792905,0.376252039,15.9754566,6.010798122,61.96982055,0.183523654,31205576,0.01571514,31200672,-0.000407041,1,134196.6174
20-Jun-20,Delhi,53115,1,23569,2035,53116,28.78697551,0.034737932,8.59445833,0.29855371,44.37269373,3.831237292,16787941,0.316393773,16734825,-0.018741828,19,117450.121
20-Jun-20,Jharkhand,1965,0,1332,11,1965,1.06495984,0.939002545,16.8880236,15.85789713,67.78625954,0.559796438,32988134,0.005956687,32986169,-0.000136421,1,5527439.659
20-Jun-20,Maharashtra,124328,3,62773,5893,124331,67.38296281,0.014840547,57.5291825,0.853764514,50.48861507,4.739767234,112374333,0.110640034,112250002,-0.003409238,4,48269758.45
20-Jun-20,Nagaland,198,0,125,0,198,0.107308931,9.318888889,1.01287901,9.438906952,63.13131313,0,1978502,0.010007571,1978304,-0.000252741,1,0
21-Jun-20,Assam,4904,0,3039,9,4904,2.553887335,0.391559951,15.9754566,6.255349004,61.96982055,0.183523654,31205576,0.01571514,31200672,0,0,31200672
21-Jun-20,Delhi,56745,1,31294,2112,56746,29.55197609,0.033838685,8.59445833,0.290825165,55.14749938,3.721848236,16787941,0.338016437,16731195,-0.021691293,22,45330.88342
21-Jun-20,Jharkhand,1965,0,1335,11,1965,1.023325574,0.977206107,16.8880236,16.50307979,67.9389313,0.559796438,32988134,0.005956687,32986169,0,0,32986169
21-Jun-20,Maharashtra,128202,3,64153,5984,128205,66.76613495,0.014977653,57.5291825,0.861652132,50.03939004,4.667524668,112374333,0.11408744,112246128,-0.003451225,4,47641714.74
21-Jun-20,Nagaland,201,0,138,0,201,0.104676051,9.553283582,1.01287901,9.676320417,68.65671642,0,1978502,0.010159201,1978301,-0.000151645,1,0
22-Jun-20,Assam,5388,0,3360,9,5388,2.700846646,0.370254269,15.9754566,5.914981001,62.36080178,0.167037862,31205576,0.017266145,31200188,-0.001551249,2,196.8813673
22-Jun-20,Delhi,59745,1,33013,2175,59746,29.94892051,0.033390185,8.59445833,0.286970555,55.25558196,3.640411074,16787941,0.355886407,16728195,-0.017930578,18,119146.5618
22-Jun-20,Jharkhand,2073,0,1406,11,2073,1.039134205,0.962339604,16.8880236,16.25201395,67.82440907,0.530631934,32988134,0.006284078,32986061,-0.00032741,1,5010519.6
22-Jun-20,Maharashtra,132072,3,65744,6170,132075,66.20533051,0.015104524,57.5291825,0.868950915,49.77777778,4.671588113,112374333,0.117531287,112242258,-0.00344778,4,47675597.44
22-Jun-20,Nagaland,211,0,141,0,211,0.105768122,9.45464455,1.01287901,9.576411011,66.82464455,0,1978502,0.010664634,1978291,-0.000505484,1,0
23-Jun-20,Assam,5586,0,3521,9,5586,2.705687465,0.369591837,15.9754566,5.904398347,63.03258145,0.161117078,31205576,0.017900647,31199990,-0.000634612,1,62897.49708
23-Jun-20,Delhi,62654,1,36602,2233,62655,30.34816472,0.032950922,8.59445833,0.283195324,58.41832256,3.563961376,16787941,0.373214321,16725286,-0.017389802,18,107137.944
23-Jun-20,Jharkhand,2137,0,1469,11,2137,1.035097407,0.966092653,16.8880236,16.31539553,68.74122602,0.51474029,32988134,0.006478087,32985997,-0.000194021,1,4727307.799
23-Jun-20,Maharashtra,135793,3,67706,6283,135796,65.77542697,0.015203246,57.5291825,0.874630316,49.85861145,4.626793131,112374333,0.120842542,112238537,-0.003315151,4,47280441.82
23-Jun-20,Nagaland,280,0,141,0,280,0.135623432,7.373357143,1.01287901,7.468318683,50.35714286,0,1978502,0.014152121,1978222,-0.003487859,4,0
24-Jun-20,Assam,5831,0,3762,9,5831,2.725301227,0.366931916,15.9754566,5.861904893,64.51723547,0.154347453,31205576,0.018685763,31199745,-0.000785257,1,47907.70276
24-Jun-20,Delhi,66601,1,39313,2301,66602,31.12853925,0.032124861,8.59445833,0.27609578,59.02675595,3.454851206,16787941,0.396725245,16721339,-0.023598999,24,16081.78689
24-Jun-20,Jharkhand,2185,0,1520,11,2185,1.021228465,0.979212815,16.8880236,16.53696912,69.56521739,0.503432494,32988134,0.006623594,32985949,-0.000145516,1,4525454.642
24-Jun-20,Maharashtra,139007,3,69631,6531,139010,64.97069518,0.015391555,57.5291825,0.885463552,50.09064096,4.698223149,112374333,0.123702625,112235323,-0.002863544,3,59267345.66
24-Jun-20,Nagaland,330,0,141,0,330,0.154235878,6.483575758,1.01287901,6.567077795,42.72727273,0,1978502,0.016679286,1978172,-0.002527522,3,0
25-Jun-20,Assam,6198,0,3958,9,6198,2.791363796,0.358247822,15.9754566,5.72317253,63.85930945,0.145208132,31205576,0.019861835,31199378,-0.001176292,2,32.54342711
25-Jun-20,Delhi,70389,1,41437,2365,70390,31.70120968,0.031544538,8.59445833,0.271108214,58.86773689,3.359852252,16787941,0.41928906,16717551,-0.022653688,23,17790.69011
25-Jun-20,Jharkhand,2207,0,1570,11,2207,0.993956098,1.006080652,16.8880236,16.9907138,71.13729044,0.498414137,32988134,0.006690284,32985927,-6.67E-05,1,4435841.685
25-Jun-20,Maharashtra,142897,3,73792,6739,142900,64.35719368,0.015538279,57.5291825,0.893904461,51.63890833,4.715885234,112374333,0.12716427,112231433,-0.003465932,4,48055954.15
25-Jun-20,Nagaland,347,0,148,0,347,0.15627674,6.398904899,1.01287901,6.481316459,42.65129683,0,1978502,0.017538522,1978155,-0.000859379,1,0
26-Jun-20,Assam,6321,0,4033,9,6321,2.74278722,0.364592628,15.9754566,5.824533701,63.8031957,0.142382534,31205576,0.020255995,31199255,-0.000394239,1,27793.88804
26-Jun-20,Delhi,73779,1,44765,2429,73780,32.01437132,0.031235972,8.59445833,0.268456258,60.67362429,3.292220114,16787941,0.439482126,16714161,-0.02027809,21,28370.14194
26-Jun-20,Jharkhand,2262,0,1605,12,2262,0.981519489,1.01882847,16.8880236,17.20599925,70.95490716,0.530503979,32988134,0.006857011,32985872,-0.000166738,1,5008213.924
26-Jun-20,Maharashtra,147738,3,77453,6931,147741,64.10728156,0.015598852,57.5291825,0.897389206,52.4248516,4.691317914,112374333,0.131472193,112226592,-0.004313408,5,38656749.23
26-Jun-20,Nagaland,355,0,160,0,355,0.154040415,6.491802817,1.01287901,6.57541081,45.07042254,0,1978502,0.017942868,1978147,-0.000404417,1,0
27-Jun-20,Assam,6607,0,4259,9,6607,2.761281047,0.362150749,15.9754566,5.785523577,64.46193431,0.136219162,31205576,0.021172498,31198969,-0.000916689,1,20227.22045
27-Jun-20,Delhi,77239,1,47091,2492,77240,32.28111822,0.030977861,8.59445833,0.266237937,60.96711548,3.226307613,16787941,0.460092158,16710701,-0.020701009,21,24898.70535
27-Jun-20,Jharkhand,2290,0,1643,12,2290,0.957065778,1.044860262,16.8880236,17.64562476,71.74672489,0.524017467,32988134,0.00694189,32985844,-8.49E-05,1,4892704.243
27-Jun-20,Maharashtra,152762,3,79815,7106,152765,63.84548194,0.015662815,57.5291825,0.901068968,52.2469152,4.651589042,112374333,0.135942965,112221568,-0.004476657,5,38304742.4
27-Jun-20,Nagaland,371,0,162,0,371,0.155053015,6.449407008,1.01287901,6.532468985,43.66576819,0,1978502,0.018751561,1978131,-0.000808838,1,0
28-Jun-20,Assam,6816,0,4500,9,6816,2.738856319,0.365115904,15.9754566,5.832893274,66.02112676,0.132042254,31205576,0.02184225,31198760,-0.000669894,1,16035.42478
28-Jun-20,Delhi,80187,1,49301,2558,80188,32.22174449,0.031034943,8.59445833,0.266728523,61.48176785,3.190003492,16787941,0.477652382,16707753,-0.01764139,18,59204.70944
28-Jun-20,Jharkhand,2339,0,1724,12,2339,0.93987455,1.063971783,16.8880236,17.96838058,73.70671227,0.513039761,32988134,0.007090428,32985795,-0.000148549,1,4696935.849
28-Jun-20,Maharashtra,159130,3,84245,7273,159133,63.94401739,0.01563868,57.5291825,0.899680453,52.93999359,4.570390805,112374333,0.141609739,112215200,-0.005674489,6,30193311.8
28-Jun-20,Nagaland,387,0,164,0,387,0.155507247,6.430568475,1.01287901,6.513387831,42.37726098,0,1978502,0.019560253,1978115,-0.000808844,1,0
29-Jun-20,Assam,7206,0,5088,10,7206,2.796404955,0.357601998,15.9754566,5.712855204,70.60782681,0.138773245,31205576,0.023092027,31198370,-0.00125005,2,17.18224285
29-Jun-20,Delhi,83076,1,52607,2623,83077,32.23937475,0.031017971,8.59445833,0.266582662,63.32318211,3.157311891,16787941,0.494861163,16704864,-0.017291374,18,55835.11556
29-Jun-20,Jharkhand,2364,0,1793,12,2364,0.91738847,1.090050761,16.8880236,18.40880298,75.84602369,0.507614213,32988134,0.007166213,32985770,-7.58E-05,1,4600091.78
29-Jun-20,Maharashtra,164623,3,86575,7429,164626,63.88578436,0.015652935,57.5291825,0.900500527,52.58889847,4.512652922,112374333,0.146497866,112209707,-0.004895059,5,37053907.5
29-Jun-20,Nagaland,415,0,164,0,415,0.161047468,6.209349398,1.01287901,6.289319671,39.51807229,0,1978502,0.020975465,1978087,-0.001415489,2,0
30-Jun-20,Assam,7752,0,5333,11,7752,2.918059445,0.342693499,15.9754566,5.474685112,68.79514964,0.141898865,31205576,0.024841714,31197824,-0.001750091,2,23.60157557
30-Jun-20,Delhi,85160,1,56235,2680,85161,32.05687054,0.031194561,8.59445833,0.268100354,66.03374784,3.146980425,16787941,0.507274835,16702780,-0.012475408,13,268375.3127
30-Jun-20,Jharkhand,2426,0,1845,15,2426,0.91321107,1.095037098,16.8880236,18.49301236,76.05111294,0.618301731,32988134,0.00735416,32985708,-0.00018796,1,6545259.471
30-Jun-20,Maharashtra,169880,3,88960,7610,169883,63.94848978,0.015637586,57.5291825,0.899617531,52.36545152,4.479553575,112374333,0.151175981,112204450,-0.004684978,5,36750065.18
30-Jun-20,Nagaland,434,0,168,0,434,0.163369169,6.121105991,1.01287901,6.199939776,38.70967742,0,1978502,0.021935788,1978068,-0.000960524,1,0
01-Jul-20,Assam,8227,0,5647,12,8227,3.010278196,0.332195211,15.9754566,5.306970174,68.63984441,0.145861189,31205576,0.026363878,31197349,-0.001522542,2,34.61118987
01-Jul-20,Delhi,87359,1,58348,2742,87360,31.96522465,0.031283997,8.59445833,0.268869011,66.79029304,3.138736264,16787941,0.520373523,16700581,-0.013165473,14,193022.1435
01-Jul-20,Jharkhand,2490,0,1884,15,2490,0.911096719,1.097578313,16.8880236,18.53592846,75.6626506,0.602409639,32988134,0.007548169,32985644,-0.000194023,1,6271856.716
01-Jul-20,Maharashtra,174758,3,90911,7855,174761,63.94545129,0.015638329,57.5291825,0.899660278,52.02018757,4.494709918,112374333,0.15551683,112199572,-0.004347421,5,36887042.47
01-Jul-20,Nagaland,459,0,168,0,459,0.167949154,5.954183007,1.01287901,6.030866989,36.60130719,0,1978502,0.02319937,1978043,-0.001263859,2,0
02-Jul-20,Assam,8582,0,5851,12,8582,3.046914387,0.328200886,15.9754566,5.243159004,68.17758098,0.139827546,31205576,0.027501495,31196994,-0.001137917,2,19.15375856
02-Jul-20,Delhi,89801,1,59992,2803,89802,31.8828951,0.03136478,8.59445833,0.269563297,66.80474822,3.121311329,16787941,0.534919678,16698139,-0.014622246,15,136644.1445
02-Jul-20,Jharkhand,2521,0,1931,15,2521,0.895044415,1.117262991,16.8880236,18.86836376,76.59658866,0.595001983,32988134,0.007642142,32985613,-9.40E-05,1,6143562.767
02-Jul-20,Maharashtra,180295,3,93154,8053,180298,64.01218482,0.015622026,57.5291825,0.898722371,51.66668515,4.466494359,112374333,0.160444111,112194035,-0.004934956,5,36626926.2
02-Jul-20,Nagaland,459,0,168,0,459,0.16296128,6.136427015,1.01287901,6.21545812,36.60130719,0,1978502,0.02319937,1978043,0,0,0
03-Jul-20,Assam,9013,0,6106,12,9013,3.098326223,0.32275491,15.9754566,5.15615705,67.74658826,0.133141019,31205576,0.028882659,31196563,-0.001381543,2,9.338558209
03-Jul-20,Delhi,92174,1,63007,2864,92175,31.68625537,0.031559425,8.59445833,0.271236163,68.35584486,3.107133171,16787941,0.549054825,16695766,-0.014211164,15,133661.3252
03-Jul-20,Jharkhand,2584,0,1983,15,2584,0.888280812,1.125770124,16.8880236,19.01203242,76.74148607,0.580495356,32988134,0.00783312,32985550,-0.000190992,1,5890865.436
03-Jul-20,Maharashtra,186623,3,101172,8178,186626,64.15491287,0.015587271,57.5291825,0.896722946,54.21109599,4.382026084,112374333,0.166075291,112187707,-0.005640229,6,28529646.74
03-Jul-20,Nagaland,501,0,182,0,501,0.172224724,5.806367265,1.01287901,5.881147528,36.32734531,0,1978502,0.025322188,1978001,-0.002123311,3,0
04-Jul-20,Assam,9673,0,6349,14,9673,3.21798318,0.310753644,15.9754566,4.964431356,65.63630725,0.144732761,31205576,0.030997665,31195903,-0.002115618,3,0.031053
04-Jul-20,Delhi,94694,1,65624,2923,94695,31.50283441,0.031743175,8.59445833,0.272815399,69.30038545,3.086752204,16787941,0.564065599,16693246,-0.015093647,16,93626.90748
04-Jul-20,Jharkhand,2695,0,2001,15,2695,0.896564114,1.115369202,16.8880236,18.83638141,74.24860853,0.556586271,32988134,0.008169604,32985439,-0.000336511,1,5470661.576
04-Jul-20,Maharashtra,192987,3,104687,8376,192990,64.20330548,0.015575522,57.5291825,0.89604705,54.24477952,4.34012125,112374333,0.171738505,112181343,-0.005672636,6,28153363.69
04-Jul-20,Nagaland,539,0,228,0,539,0.179312823,5.576846011,1.01287901,5.648670267,42.30055659,0,1978502,0.027242833,1977963,-0.001921131,2,0
05-Jul-20,Assam,10668,0,6657,14,10668,3.42764608,0.291745407,15.9754566,4.660766085,62.4015748,0.131233596,31205576,0.034186198,31194908,-0.003189521,4,1.81E-06
05-Jul-20,Delhi,97199,1,68256,3004,97200,31.23052109,0.032019959,8.59445833,0.275194202,70.22222222,3.090534979,16787941,0.578987024,16690741,-0.015006069,16,94208.66939
05-Jul-20,Jharkhand,2739,0,2035,17,2739,0.880045239,1.136305221,16.8880236,19.18994939,74.29718876,0.620664476,32988134,0.008302986,32985395,-0.000133392,1,6585619.557
05-Jul-20,Maharashtra,200061,3,108082,8671,200064,64.28089476,0.015556722,57.5291825,0.89496549,54.02371241,4.334113084,112374333,0.178033537,112174269,-0.006305861,7,22308318.68
05-Jul-20,Nagaland,563,0,228,0,563,0.180892833,5.528134991,1.01287901,5.599331897,40.4973357,0,1978502,0.028455872,1977939,-0.00121337,2,0
06-Jul-20,Assam,11388,0,7125,14,11388,3.549631883,0.281719354,15.9754566,4.500595309,62.5658588,0.122936424,31205576,0.036493478,31194188,-0.002308069,3,0.000787132
06-Jul-20,Delhi,99443,1,71339,3067,99444,30.99662741,0.032261574,8.59445833,0.277270756,71.73786252,3.084147862,16787941,0.592353762,16688497,-0.01344458,14,178240.468
06-Jul-20,Jharkhand,2781,0,2045,19,2781,0.866835816,1.153621,16.8880236,19.48237867,73.53469975,0.683207479,32988134,0.008430304,32985353,-0.000127329,1,7632224.911
06-Jul-20,Maharashtra,206616,3,111740,8822,206619,64.40300229,0.015527226,57.5291825,0.893268644,54.08021528,4.269694462,112374333,0.18386672,112167714,-0.005843586,6,27515305.7
06-Jul-20,Nagaland,590,0,231,0,590,0.1839026,5.437661017,1.01287901,5.507692708,39.15254237,0,1978502,0.029820541,1977912,-0.001365057,2,0
07-Jul-20,Assam,12160,0,7882,14,12160,3.70232796,0.270100329,15.9754566,4.314976083,64.81907895,0.115131579,31205576,0.038967395,31193416,-0.00247482,3,0.000150518
07-Jul-20,Delhi,100822,1,72088,3115,100823,30.69735296,0.032576099,8.59445833,0.279973923,71.49955863,3.089572816,16787941,0.600567991,16687118,-0.008263177,9,906298.0693
07-Jul-20,Jharkhand,2847,0,2068,20,2847,0.866819713,1.153642431,16.8880236,19.48274059,72.63786442,0.702493853,32988134,0.008630376,32985287,-0.000200089,1,7945149.472
07-Jul-20,Maharashtra,211984,3,115262,9026,211987,64.54320702,0.015493497,57.5291825,0.89132823,54.37220207,4.257808262,112374333,0.188643611,112162346,-0.004785691,5,34661662.33
07-Jul-20,Nagaland,625,0,243,0,625,0.19029235,5.255072,1.01287901,5.322752125,38.88,0,1978502,0.031589556,1977877,-0.001769543,2,0
08-Jul-20,Assam,12522,0,8329,14,12522,3.725732308,0.26840361,15.9754566,4.287870217,66.51493372,0.111803226,31205576,0.040127444,31193054,-0.001160501,2,0.531067854
08-Jul-20,Delhi,102830,1,74217,3165,102831,30.59581368,0.03268421,8.59445833,0.280903081,72.17376083,3.077865624,16787941,0.612528958,16685110,-0.012033234,13,244341.2521
08-Jul-20,Jharkhand,2996,0,2104,22,2996,0.89141463,1.121812417,16.8880236,18.94519457,70.22696929,0.734312417,32988134,0.009082054,32985138,-0.000451717,1,8450612.428
08-Jul-20,Maharashtra,217118,3,118558,9250,217121,64.60108005,0.015479617,57.5291825,0.890529732,54.60457533,4.260297254,112374333,0.19321227,112157212,-0.004577294,5,34683863.11
08-Jul-20,Nagaland,625,0,243,0,625,0.185959327,5.37752,1.01287901,5.446777134,38.88,0,1978502,0.031589556,1977877,0,0,0
09-Jul-20,Assam,13336,0,8729,16,13336,3.857936744,0.259205909,15.9754566,4.140932747,65.45440912,0.119976005,31205576,0.042735952,31192240,-0.002609555,3,0.000431036
09-Jul-20,Delhi,104863,1,78199,3213,104864,30.33583374,0.032964316,8.59445833,0.283310438,74.57182637,3.063968569,16787941,0.624638841,16683077,-0.012184517,13,239675.7011
09-Jul-20,Jharkhand,3096,0,2170,22,3096,0.895633785,1.116527778,16.8880236,18.85594746,70.09043928,0.710594315,32988134,0.009385193,32985038,-0.000303167,1,8075068.378
09-Jul-20,Maharashtra,223721,3,123192,9448,223724,64.72053391,0.015451047,57.5291825,0.888886093,55.06427563,4.223060557,112374333,0.199088167,112150609,-0.005887272,6,27087494.34
09-Jul-20,Nagaland,657,0,304,0,657,0.190061821,5.261445967,1.01287901,5.329208182,46.27092846,0,1978502,0.033206941,1977845,-0.001617896,2,0
10-Jul-20,Assam,14032,0,8729,22,14032,3.945995652,0.253421465,15.9754566,4.048523619,62.20781072,0.156784493,31205576,0.044966323,31191544,-0.002231324,3,0.152759909
10-Jul-20,Delhi,107050,1,82226,3258,107051,30.10424605,0.033217905,8.59445833,0.285489905,76.81011854,3.043409216,16787941,0.637666049,16680890,-0.013109093,14,167656.0691
10-Jul-20,Jharkhand,3246,0,2208,23,3246,0.91282083,1.095505237,16.8880236,18.5009183,68.02218115,0.708564387,32988134,0.009839902,32984888,-0.000454752,1,8042541.735
10-Jul-20,Maharashtra,230596,3,127259,9667,230599,64.84768041,0.015420752,57.5291825,0.887143259,55.18627574,4.192125725,112374333,0.205206112,112143734,-0.00613015,7,21115009.53
10-Jul-20,Nagaland,673,0,304,0,673,0.189257061,5.283818722,1.01287901,5.351869076,45.17087667,0,1978502,0.034015634,1977829,-0.000808961,1,0
11-Jul-20,Assam,14600,0,9147,27,14600,3.985238241,0.250926027,15.9754566,4.00865786,62.65068493,0.184931507,31205576,0.04678651,31190976,-0.001821006,2,626.9235317
11-Jul-20,Delhi,109139,1,84694,3300,109140,29.79102066,0.033567161,8.59445833,0.28849157,77.60124611,3.023639362,16787941,0.650109504,16678801,-0.012523313,13,226430.7695
11-Jul-20,Jharkhand,3419,0,2224,23,3419,0.933255448,1.071517988,16.8880236,18.09582106,65.04825973,0.672711319,32988134,0.010364333,32984715,-0.000524483,1,7459754.71
11-Jul-20,Maharashtra,238458,3,132625,9893,238461,65.09067782,0.015363183,57.5291825,0.883831363,55.61706107,4.148686787,112374333,0.212202372,112135872,-0.007010646,8,16303670.13
11-Jul-20,Nagaland,732,0,304,0,732,0.199807835,5.004808743,1.01287901,5.069265725,41.53005464,0,1978502,0.036997688,1977770,-0.002983069,3,0
12-Jul-20,Assam,15536,0,9150,35,15536,4.116390845,0.242931256,15.9754566,3.880937744,58.89546859,0.225283213,31205576,0.049785974,31190040,-0.003000868,4,0.606640321
12-Jul-20,Delhi,110920,1,87692,3334,110921,29.38943029,0.034025838,8.59445833,0.292433649,79.05806835,3.005742826,16787941,0.66071831,16677020,-0.010678226,11,429287.104
12-Jul-20,Jharkhand,3613,0,2243,23,3613,0.957294035,1.044611126,16.8880236,17.64141736,62.08137282,0.636590091,32988134,0.010952423,32984521,-0.000588151,1,6856306.082
12-Jul-20,Maharashtra,246597,3,136985,10116,246600,65.33869609,0.015304866,57.5291825,0.88047644,55.54947283,4.102189781,112374333,0.219445129,112127733,-0.007258159,8,15950030.78
12-Jul-20,Nagaland,748,0,313,0,748,0.198188746,5.045695187,1.01287901,5.110678746,41.84491979,0,1978502,0.037806381,1977754,-0.000808992,1,0
13-Jul-20,Assam,16071,0,10426,35,16071,4.147119389,0.24113123,15.9754566,3.852181502,64.87461888,0.217783585,31205576,0.051500411,31189505,-0.001715291,2,3204.02667
13-Jul-20,Delhi,112493,1,89968,3371,112494,29.02906158,0.034448237,8.59445833,0.29606394,79.97582093,2.996604263,16787941,0.670088131,16675447,-0.009432141,10,592636.9746
13-Jul-20,Jharkhand,3756,0,2308,30,3756,0.969235295,1.031741214,16.8880236,17.42406997,61.44834931,0.798722045,32988134,0.011385912,32984378,-0.000433537,1,9431301.045
13-Jul-20,Maharashtra,254424,3,140325,10289,254427,65.65485314,0.015231167,57.5291825,0.876236558,55.15334457,4.043989042,112374333,0.226410243,112119906,-0.006980432,7,19857956.37
13-Jul-20,Nagaland,774,0,327,0,774,0.199730596,5.006744186,1.01287901,5.071226094,42.24806202,0,1978502,0.039120506,1977728,-0.001314623,2,0
14-Jul-20,Assam,16806,0,10894,36,16806,4.241657896,0.235756873,15.9754566,3.766323686,64.82208735,0.214209211,31205576,0.05385576,31188770,-0.002356562,3,25.80500983
14-Jul-20,Delhi,113739,1,91312,3411,113740,28.70678145,0.034834975,8.59445833,0.299387737,80.28134341,2.998944962,16787941,0.677510125,16674201,-0.007472064,8,1157494.629
14-Jul-20,Jharkhand,3898,0,2351,33,3898,0.983814262,1.016452027,16.8880236,17.16586581,60.31298102,0.846587994,32988134,0.01181637,32984236,-0.000430507,1,10123076.6
14-Jul-20,Maharashtra,260921,3,144507,10482,260924,65.85447726,0.015184996,57.5291825,0.873580429,55.38279346,4.017261731,112374333,0.232191812,112113409,-0.005794689,6,25177639.37
14-Jul-20,Nagaland,845,0,340,0,845,0.213269125,4.688911243,1.01287901,4.749299777,40.23668639,0,1978502,0.04270908,1977657,-0.003589978,4,0
15-Jul-20,Assam,17807,0,11416,40,17807,4.388068161,0.227890717,15.9754566,3.640658261,64.10961981,0.224630763,31205576,0.05706352,31187769,-0.003209489,4,0.576106086
15-Jul-20,Delhi,115345,1,93236,3446,115346,28.42399675,0.035181541,8.59445833,0.302366286,80.83158497,2.987533161,16787941,0.687076515,16672595,-0.009631646,10,586562.0455
15-Jul-20,Jharkhand,4091,0,2427,36,4091,1.008119663,0.991945735,16.8880236,16.75200297,59.32534833,0.879980445,32988134,0.012401429,32984043,-0.000585128,1,10587086.57
15-Jul-20,Maharashtra,267662,3,149007,10695,267665,65.95901973,0.015160929,57.5291825,0.872195838,55.66921338,3.995666225,112374333,0.238190513,112106668,-0.006012662,7,19444275.89
15-Jul-20,Nagaland,896,0,346,0,896,0.220795702,4.529073661,1.01287901,4.587403646,38.61607143,0,1978502,0.045286788,1977606,-0.002578809,3,0
16-Jul-20,Assam,18666,0,12173,46,18666,4.4814067,0.223144219,15.9754566,3.564830793,65.2148291,0.246437373,31205576,0.059816233,31186910,-0.002754285,3,161.1008819
16-Jul-20,Delhi,116992,1,95699,3487,116993,28.08813961,0.035602216,8.59445833,0.305981758,81.79891105,2.980520202,16787941,0.696887129,16670948,-0.009878486,10,581903.0361
16-Jul-20,Jharkhand,4320,0,2485,38,4320,1.037162592,0.964168982,16.8880236,16.28290851,57.52314815,0.87962963,32988134,0.013095618,32983814,-0.000694275,1,10582215.95
16-Jul-20,Maharashtra,275637,3,152613,10928,275640,66.17673539,0.015111051,57.5291825,0.86932639,55.36678276,3.964591496,112374333,0.245287329,112098693,-0.007113761,8,14902325.86
16-Jul-20,Nagaland,902,0,348,0,902,0.216555708,4.617749446,1.01287901,4.677221487,38.58093126,0,1978502,0.045590047,1977600,-0.000303397,1,0
17-Jul-20,Assam,19754,0,12888,48,19754,4.613049367,0.216776349,15.9754566,3.463101157,65.24248254,0.242988762,31205576,0.063302789,31185822,-0.003488643,4,2.211801795
17-Jul-20,Delhi,118644,1,97693,3545,118645,27.70655271,0.036092545,8.59445833,0.310195874,82.3405959,2.987905095,16787941,0.706727525,16669296,-0.009909454,10,586690.3847
17-Jul-20,Jharkhand,4624,0,2513,42,4624,1.079818785,0.926081315,16.8880236,15.6396831,54.34688581,0.908304498,32988134,0.014017161,32983510,-0.000921664,1,10968805.26
17-Jul-20,Maharashtra,284278,3,158140,11194,284281,66.3866704,0.015063265,57.5291825,0.866577314,55.62805815,3.937653237,112374333,0.252976807,112090052,-0.007708386,8,14696885.77
17-Jul-20,Nagaland,916,0,391,0,916,0.213908739,4.67489083,1.01287901,4.735098795,42.68558952,0,1978502,0.046297653,1977586,-0.000707929,1,0
18-Jul-20,Assam,20646,0,14105,51,20646,4.700616321,0.212738061,15.9754566,3.398587655,68.31831832,0.247021215,31205576,0.066161253,31184930,-0.002860274,3,165.7929387
18-Jul-20,Delhi,120106,1,99301,3571,120107,27.34558387,0.036568976,8.59445833,0.31429054,82.67711291,2.973182246,16787941,0.715436157,16667834,-0.008770616,9,807688.4369
18-Jul-20,Jharkhand,4921,0,2570,46,4921,1.120397797,0.892540134,16.8880236,15.07323885,52.22515749,0.934769356,32988134,0.014917485,32983213,-0.00090045,1,11315982.72
18-Jul-20,Maharashtra,292586,3,160357,11452,292589,66.61574294,0.015011467,57.5291825,0.863597401,54.8062299,3.914022742,112374333,0.260369955,112081744,-0.007411898,8,14516639.23
18-Jul-20,Nagaland,956,0,405,0,956,0.217659072,4.594341004,1.01287901,4.653511568,42.36401674,0,1978502,0.048319385,1977546,-0.002022668,3,0
19-Jul-20,Assam,22918,0,15165,53,22918,5.073081325,0.197118859,15.9754566,3.14906377,66.17069552,0.231259272,31205576,0.073442003,31182658,-0.00728557,8,2.95E-08
19-Jul-20,Delhi,121581,1,101274,3597,121582,26.91314136,0.037156569,8.59445833,0.319340586,83.2968696,2.958497146,16787941,0.724222226,16666359,-0.00884938,9,795572.8846
19-Jul-20,Jharkhand,5342,0,2611,46,5342,1.182494128,0.845670161,16.8880236,14.28169764,48.87682516,0.861100711,32988134,0.016193702,32982792,-0.001276407,2,3232892.587
19-Jul-20,Maharashtra,300934,3,165663,11596,300937,66.61479512,0.01501168,57.5291825,0.863609689,55.04906343,3.853298199,112374333,0.267798697,112073396,-0.007448135,8,14055453.65
19-Jul-20,Nagaland,978,0,432,0,978,0.216488068,4.619192229,1.01287901,4.678682852,44.17177914,0,1978502,0.049431337,1977524,-0.00111249,2,0
20-Jul-20,Assam,23999,0,16023,57,23999,5.174763353,0.193245552,15.9754566,3.087185927,66.76528189,0.237509896,31205576,0.076906127,31181577,-0.00346667,4,1.512757995
20-Jul-20,Delhi,122792,1,103134,3628,122793,26.47713306,0.03776844,8.59445833,0.32459928,83.99012973,2.954565814,16787941,0.731435737,16665148,-0.007266134,8,1111428.298
20-Jul-20,Jharkhand,5535,0,2716,49,5535,1.193479526,0.837886179,16.8880236,14.15024156,49.06955736,0.885275519,32988134,0.016778761,32982599,-0.000585154,1,10658826.01
20-Jul-20,Maharashtra,310452,3,169569,11854,310455,66.94158742,0.014938397,57.5291825,0.85939376,54.61951007,3.818266738,112374333,0.276268603,112063878,-0.008492649,9,10611927.61
20-Jul-20,Nagaland,988,0,445,0,988,0.213036635,4.69402834,1.01287901,4.754482778,45.04048583,0,1978502,0.04993677,1977514,-0.000505683,1,0
21-Jul-20,Assam,25382,0,17095,58,25382,5.348071327,0.186983295,15.9754566,2.987143518,67.35087858,0.228508392,31205576,0.081338028,31180194,-0.004435311,5,0.009796395
21-Jul-20,Delhi,123746,1,104918,3663,123747,26.07390208,0.038352526,8.59445833,0.329619184,84.7842776,2.960071759,16787941,0.737118388,16664194,-0.005724522,6,2195224.806
21-Jul-20,Jharkhand,5756,0,2810,53,5756,1.212808233,0.824532662,16.8880236,13.92472705,48.81862404,0.920778318,32988134,0.017448698,32982378,-0.00067005,1,11133245.06
21-Jul-20,Maharashtra,318692,3,175029,12030,318695,67.15009029,0.014892013,57.5291825,0.856725319,54.92053531,3.77476898,112374333,0.283601238,112055638,-0.007352949,8,13459168.14
21-Jul-20,Nagaland,1021,0,484,0,1021,0.215128076,4.648393732,1.01287901,4.708260441,47.40450539,0,1978502,0.051604699,1977481,-0.001668762,2,0
22-Jul-20,Assam,25382,0,18033,58,25382,5.236662829,0.190961311,15.9754566,3.050694139,71.04641084,0.228508392,31205576,0.081338028,31180194,0,0,31180194
22-Jul-20,Delhi,125095,1,106118,3690,125096,25.80906049,0.038746083,8.59445833,0.333001596,84.82925114,2.949734604,16787941,0.745153917,16662845,-0.008095201,9,788249.5428
22-Jul-20,Jharkhand,6159,0,2904,55,6159,1.27068814,0.786975158,16.8880236,13.29045505,47.15051145,0.893002111,32988134,0.01867035,32981975,-0.001221865,2,3512488.769
22-Jul-20,Maharashtra,327028,3,182217,12276,327031,67.47108509,0.014821164,57.5291825,0.852649434,55.71857102,3.753772578,112374333,0.291019302,112047302,-0.007439162,8,13299571.4
22-Jul-20,Nagaland,1030,0,485,0,1030,0.212503456,4.705805825,1.01287901,4.766411946,47.08737864,0,1978502,0.052059589,1977472,-0.000455124,1,0
23-Jul-20,Assam,26772,0,18033,64,26772,5.372979764,0.186116465,15.9754566,2.973295509,67.35768714,0.23905573,31205576,0.08579236,31178804,-0.004457958,5,0.025722841
23-Jul-20,Delhi,126322,1,107650,3719,126323,25.35226814,0.039444203,8.59445833,0.339001555,85.21805214,2.944040278,16787941,0.752462735,16661618,-0.007363688,8,1100487.896
23-Jul-20,Jharkhand,6485,0,3024,64,6485,1.301500589,0.768343871,16.8880236,12.97580942,46.6306862,0.98689283,32988134,0.019658584,32981649,-0.000988419,1,11973190.99
23-Jul-20,Maharashtra,337604,3,187769,12556,337607,67.75569921,0.014758906,57.5291825,0.849067801,55.61762641,3.719117198,112374333,0.300430704,112036726,-0.009438871,10,7614212.734
23-Jul-20,Nagaland,1084,0,486,0,1084,0.217552296,4.596595941,1.01287901,4.655795546,44.83394834,0,1978502,0.054788926,1977418,-0.002730759,3,0
24-Jul-20,Assam,28791,0,20699,70,28791,5.625373677,0.177765969,15.9754566,2.839892515,71.89399465,0.243131534,31205576,0.092262357,31176785,-0.006475553,7,9.77E-06
24-Jul-20,Delhi,127363,1,109065,3745,127364,24.88521041,0.040184511,8.59445833,0.345364101,85.63251782,2.940391319,16787941,0.758663615,16660577,-0.006247893,7,1540966.406
24-Jul-20,Jharkhand,6975,0,3174,67,6975,1.362821069,0.733772043,16.8880236,12.39195958,45.50537634,0.960573477,32988134,0.021143966,32981159,-0.001485675,2,4111742.512
24-Jul-20,Maharashtra,347499,3,194253,12854,347502,67.89721105,0.014728145,57.5291825,0.847298168,55.89982216,3.698971517,112374333,0.309236096,112026831,-0.008831925,9,9831874.87
24-Jul-20,Nagaland,1174,0,530,0,1174,0.22938379,4.359505963,1.01287901,4.415652083,45.14480409,0,1978502,0.059337822,1977328,-0.00455139,5,0
25-Jul-20,Assam,29921,0,21761,76,29921,5.70838238,0.175180977,15.9754566,2.798596088,72.72818422,0.254002206,31205576,0.095883505,31175655,-0.003624492,4,4.51431444
25-Jul-20,Delhi,128388,1,110931,3777,128389,24.49428513,0.04082585,8.59445833,0.350876063,86.40226188,2.941840812,16787941,0.764769188,16659552,-0.006152248,7,1542680.07
25-Jul-20,Jharkhand,7493,0,3307,70,7493,1.429528063,0.699531563,16.8880236,11.81370554,44.13452556,0.934205258,32988134,0.022714228,32980641,-0.001570594,2,3877007.564
25-Jul-20,Maharashtra,357114,3,199967,13132,357117,68.13142577,0.014677515,57.5291825,0.844385419,55.99481402,3.677226231,112374333,0.31779232,112017216,-0.008582765,9,9690592.985
25-Jul-20,Nagaland,1239,0,537,1,1239,0.236378656,4.230500404,1.01287901,4.284985061,43.34140436,0.08071025,1978502,0.062623136,1977263,-0.003287264,4,5.92E-16
26-Jul-20,Assam,31086,0,23055,77,31086,5.798436888,0.172460272,15.9754566,2.755131583,74.16521907,0.247699929,31205576,0.099616812,31174490,-0.00373689,4,3.023875379
26-Jul-20,Delhi,129530,1,113068,3806,129531,24.16127287,0.041388548,8.59445833,0.35571215,87.29030116,2.938292764,16787941,0.77157169,16658410,-0.006854926,7,1538148.482
26-Jul-20,Jharkhand,7836,0,3425,82,7836,1.461640335,0.684162838,16.8880236,11.55415816,43.70852476,1.046452272,32988134,0.023753996,32980298,-0.001040004,2,4877783.137
26-Jul-20,Maharashtra,366365,3,207194,13389,366368,68.33821417,0.014633101,57.5291825,0.841830346,56.55351996,3.654522229,112374333,0.326024627,112007965,-0.008258552,9,9543571.31
26-Jul-20,Nagaland,1289,0,541,4,1289,0.240435732,4.159115593,1.01287901,4.212680885,41.97051978,0.310318076,1978502,0.065150301,1977213,-0.002528748,3,125.1732571
27-Jul-20,Assam,32228,0,24040,79,32228,5.878372339,0.170115117,15.9754566,2.717666673,74.59352116,0.24512846,31205576,0.103276414,31173348,-0.003663252,4,2.552566674
27-Jul-20,Delhi,130605,1,114875,3827,130606,23.82247418,0.041977168,8.59445833,0.360771021,87.95537724,2.930186975,16787941,0.777975095,16657335,-0.006453197,7,1527946.395
27-Jul-20,Jharkhand,8275,0,3704,85,8275,1.509356184,0.662534139,16.8880236,11.18889217,44.76132931,1.027190332,32988134,0.025084777,32979859,-0.001331098,2,4705999.658
27-Jul-20,Maharashtra,375796,3,213238,13656,375799,68.54556432,0.014588836,57.5291825,0.839283812,56.74256717,3.633857461,112374333,0.334417113,111998534,-0.008419937,9,9410055.39
27-Jul-20,Nagaland,1339,0,549,4,1339,0.244232983,4.094451083,1.01287901,4.147183559,41.00074683,0.298730396,1978502,0.067677465,1977163,-0.002528812,3,86.02806266
